CD116,State,District,State-District,lackinsurance,lackinsurance_LCL,lackinsurance_UCL,checkup,chekup_LCL,checkup_UCL,cholscreen,cholscreen_LCL,cholscreen_UCL,csmoking,csmoking_LCL,csmoking_UCL,diabetes,diabetes_LCL,diabetes_UCL,flushot,flushot_LCL,flushot_UCL,ghlth,ghlth_LCL,ghlth_UCL,physical_inactivity,physical_inactivity_LCL,physical_inactivity_UCL,mcost,mcost_LCL,mcost_UCL,mhlth,mhlth_LCL,mhlth_UCL,obesity,obesity_LCL,obesity_UCL
0101,AL,01,AL-01,16.3%,16.2%,16.3%,72.3%,72.3%,72.4%,81.1%,81%,81.1%,20%,19.9%,20%,12.5%,12.5%,12.6%,38.8%,38.7%,38.9%,22.9%,22.9%,23%,33.1%,33%,33.2%,16.4%,16.3%,16.4%,15.2%,15.1%,#VALUE!,34.4%,34.3%,34.4%
0102,AL,02,AL-02,16.2%,16.2%,16.3%,72%,72%,72.1%,81.1%,81.1%,81.2%,19.9%,19.9%,20%,12.7%,12.6%,12.7%,38.6%,38.6%,38.7%,23.2%,23.1%,23.2%,32.6%,32.6%,32.7%,16.2%,16.2%,16.3%,15%,14.9%,15%,35.6%,35.5%,35.6%
0103,AL,03,AL-03,15.7%,15.7%,15.8%,71%,70.9%,71%,80.1%,80%,80.1%,20.2%,20.2%,20.3%,12.5%,12.5%,12.5%,39.8%,39.7%,39.9%,23.1%,23%,23.1%,32.1%,32.1%,32.2%,16.1%,16.1%,16.1%,15.3%,15.2%,15.3%,34.4%,34.3%,34.5%
0104,AL,04,AL-04,15%,15%,15%,70.3%,70.3%,70.4%,81.2%,81.2%,81.2%,20.2%,20.1%,20.2%,12.3%,12.3%,12.4%,39.8%,39.7%,39.8%,23.5%,23.4%,23.5%,33.7%,33.6%,33.7%,15%,15%,15%,15%,14.9%,15%,34.5%,34.4%,34.5%
0105,AL,05,AL-05,14.9%,14.9%,14.9%,70%,69.9%,70.1%,81.1%,81.1%,81.2%,18.5%,18.4%,18.5%,11.2%,11.2%,11.3%,39.7%,39.6%,39.8%,21.4%,21.3%,21.5%,29.2%,29.1%,29.3%,15%,14.9%,15%,14.4%,14.4%,14.5%,34.1%,34%,34.1%
0106,AL,06,AL-06,13.5%,13.5%,13.5%,70.8%,70.7%,70.8%,82.3%,82.3%,82.3%,16.5%,16.5%,16.6%,10%,10%,10%,44.6%,44.5%,44.6%,17.3%,17.2%,17.3%,27.9%,27.8%,27.9%,13.9%,13.8%,13.9%,13.2%,13.2%,13.2%,31.6%,31.6%,31.7%
0107,AL,07,AL-07,20.4%,20.4%,20.5%,74.6%,74.5%,74.6%,79.7%,79.6%,79.8%,22%,22%,22.1%,15.6%,15.6%,15.6%,36.1%,36%,36.2%,27.4%,27.4%,27.5%,36.8%,36.7%,36.9%,19.8%,19.7%,19.8%,17.3%,17.3%,17.4%,40.7%,40.6%,40.7%
0200,AK,00,AK-00,11.7%,11.7%,11.7%,52.5%,52.4%,52.5%,72.9%,72.8%,72.9%,17.6%,17.6%,17.7%,7.4%,7.3%,7.4%,33.9%,33.8%,34%,14.5%,14.5%,14.5%,20.4%,20.3%,20.4%,12.8%,12.8%,12.9%,11.3%,11.3%,11.3%,32.6%,32.6%,32.7%
0401,AZ,01,AZ-01,14.1%,14.1%,14.1%,64.4%,64.4%,64.5%,77.4%,77.4%,77.5%,18.4%,18.3%,18.4%,11.3%,11.3%,11.4%,36.3%,36.2%,36.3%,20.2%,20.1%,20.2%,25.1%,25%,25.1%,14.9%,14.9%,14.9%,14.1%,14%,14.1%,29.9%,29.8%,30%
0402,AZ,02,AZ-02,13.2%,13.1%,13.2%,66.6%,66.6%,66.7%,81.2%,81.2%,81.2%,15.2%,15.2%,15.3%,9.2%,9.1%,9.2%,41.9%,41.8%,42%,16.3%,16.3%,16.3%,21.6%,21.5%,21.6%,12.9%,12.9%,13%,12%,12%,12%,26.3%,26.3%,26.4%
0403,AZ,03,AZ-03,22.2%,22.1%,22.2%,63.7%,63.7%,63.8%,76.6%,76.5%,76.6%,17.1%,17%,17.1%,10.5%,10.5%,10.6%,34.5%,34.4%,34.6%,22.5%,22.4%,22.5%,26.4%,26.4%,26.5%,18.7%,18.7%,18.8%,14.1%,14.1%,14.2%,32.4%,32.4%,32.5%
0404,AZ,04,AZ-04,12.3%,12.3%,12.4%,67.2%,67.2%,67.3%,81.3%,81.2%,81.3%,17.3%,17.2%,17.3%,10.9%,10.8%,10.9%,35.2%,35.1%,35.2%,18.2%,18.2%,18.3%,25.9%,25.8%,26%,11.8%,11.8%,11.8%,12%,11.9%,12%,29.1%,29%,29.2%
0405,AZ,05,AZ-05,10.8%,10.8%,10.8%,68%,67.9%,68%,83.7%,83.7%,83.7%,12.4%,12.4%,12.4%,7.8%,7.8%,7.9%,38.7%,38.7%,38.8%,12.6%,12.6%,12.6%,19.7%,19.7%,19.8%,11.1%,11.1%,11.1%,10.4%,10.4%,10.4%,25.8%,25.7%,25.8%
0406,AZ,06,AZ-06,11%,11%,11%,68.1%,68.1%,68.2%,83.7%,83.7%,83.7%,13.1%,13.1%,13.1%,8.1%,8%,8.1%,38.5%,38.5%,38.6%,13.2%,13.2%,13.2%,20.2%,20.2%,20.2%,11.4%,11.4%,11.4%,10.9%,10.8%,10.9%,26.5%,26.4%,26.5%
0407,AZ,07,AZ-07,27%,26.9%,27%,63.9%,63.8%,63.9%,75.2%,75.1%,75.2%,19.1%,19.1%,19.2%,11%,10.9%,11%,28.9%,28.9%,29%,25.5%,25.5%,25.6%,31.1%,31%,31.1%,21.5%,21.5%,21.6%,15.7%,15.6%,15.7%,34.9%,34.8%,35%
0408,AZ,08,AZ-08,11.5%,11.4%,11.5%,69.6%,69.5%,69.6%,84.4%,84.4%,84.5%,12.1%,12.1%,12.2%,8.7%,8.6%,8.7%,40%,39.9%,40.1%,13.5%,13.5%,13.5%,20.6%,20.5%,20.6%,11%,10.9%,11%,10.3%,10.3%,10.4%,26.1%,26%,26.1%
0409,AZ,09,AZ-09,14.9%,14.9%,14.9%,65.4%,65.3%,65.4%,78.8%,78.8%,78.9%,15%,15%,15.1%,7.8%,7.7%,7.8%,34.4%,34.3%,34.4%,15.3%,15.3%,15.3%,22.4%,22.3%,22.4%,14.2%,14.2%,14.2%,12.6%,12.6%,12.6%,27.8%,27.7%,27.8%
0501,AR,01,AR-01,11.3%,11.3%,11.3%,71.9%,71.9%,72%,79.6%,79.6%,79.7%,21.3%,21.3%,21.4%,12.3%,12.2%,12.3%,39.9%,39.8%,40%,24.9%,24.9%,25%,34.6%,34.5%,34.7%,12.9%,12.9%,12.9%,14.7%,14.7%,14.8%,35.7%,35.6%,35.8%
0502,AR,02,AR-02,11%,11%,11.1%,70.9%,70.8%,70.9%,79.3%,79.2%,79.3%,19.2%,19.1%,19.2%,10.2%,10.2%,10.3%,42.6%,42.5%,42.6%,19.8%,19.7%,19.8%,29.9%,29.8%,29.9%,12.6%,12.6%,12.6%,13.5%,13.5%,13.5%,31.9%,31.8%,31.9%
0503,AR,03,AR-03,12%,11.9%,12%,69.4%,69.4%,69.5%,76.9%,76.8%,76.9%,19.5%,19.4%,19.5%,9.6%,9.6%,9.6%,39.9%,39.8%,39.9%,19.8%,19.8%,19.9%,29%,29%,29.1%,12.8%,12.8%,12.8%,14.3%,14.2%,14.3%,30.4%,30.3%,30.5%
0504,AR,04,AR-04,11.8%,11.8%,11.8%,71.8%,71.7%,71.9%,79.7%,79.6%,79.7%,21%,20.9%,21%,12.7%,12.7%,12.8%,40.2%,40.1%,40.3%,24.8%,24.7%,24.8%,34.4%,34.4%,34.5%,13.1%,13.1%,13.1%,14.7%,14.7%,14.7%,35.6%,35.5%,35.6%
0601,CA,01,CA-01,9.3%,9.3%,9.3%,66.2%,66.1%,66.3%,81.1%,81%,81.1%,13.9%,13.9%,14%,9.5%,9.5%,9.5%,40%,39.9%,40.1%,16.2%,16.2%,16.3%,19.3%,19.3%,19.4%,10.2%,10.2%,10.3%,12.9%,12.9%,12.9%,25.7%,25.6%,25.7%
0602,CA,02,CA-02,9.3%,9.3%,9.4%,66.8%,66.8%,66.9%,82.5%,82.5%,82.5%,12%,11.9%,12%,8.7%,8.7%,8.7%,41.7%,41.6%,41.8%,14.2%,14.1%,14.2%,16.5%,16.5%,16.6%,10%,10%,10%,11.9%,11.9%,11.9%,23.5%,23.4%,23.6%
0603,CA,03,CA-03,11.8%,11.8%,11.8%,64.7%,64.6%,64.7%,79.5%,79.4%,79.5%,12.6%,12.6%,12.7%,8.7%,8.6%,8.7%,40.5%,40.5%,40.6%,15.8%,15.7%,15.8%,19.4%,19.3%,19.4%,11.7%,11.6%,11.7%,12.4%,12.4%,12.5%,26.4%,26.3%,26.5%
0604,CA,04,CA-04,7.8%,7.8%,7.8%,66.9%,66.9%,67%,83.8%,83.7%,83.8%,11.2%,11.1%,11.2%,8.6%,8.6%,8.6%,42.7%,42.6%,42.8%,12.8%,12.8%,12.9%,16%,16%,16.1%,8.9%,8.9%,8.9%,10.8%,10.8%,10.9%,23.3%,23.2%,23.3%
0605,CA,05,CA-05,10.6%,10.5%,10.6%,66.8%,66.8%,66.9%,82%,82%,82%,11%,10.9%,11%,8.7%,8.7%,8.7%,40.8%,40.7%,40.9%,14.7%,14.6%,14.7%,17.4%,17.4%,17.5%,10.5%,10.5%,10.5%,11.3%,11.3%,11.4%,24.3%,24.3%,24.4%
0606,CA,06,CA-06,13%,13%,13%,65.9%,65.9%,65.9%,78.5%,78.5%,78.5%,13.2%,13.2%,13.3%,10.1%,10.1%,10.1%,38.1%,38.1%,38.2%,18.3%,18.2%,18.3%,20.8%,20.8%,20.8%,12.9%,12.9%,12.9%,13.6%,13.6%,13.6%,30.3%,30.3%,30.4%
0607,CA,07,CA-07,8.9%,8.9%,9%,67.2%,67.2%,67.3%,82.2%,82.2%,82.2%,10.9%,10.8%,10.9%,8.8%,8.8%,8.8%,41.5%,41.4%,41.5%,13.9%,13.9%,14%,17.3%,17.2%,17.3%,9.9%,9.9%,9.9%,11.5%,11.4%,11.5%,27.5%,27.5%,27.6%
0608,CA,08,CA-08,13.7%,13.7%,13.8%,68.2%,68.2%,68.3%,79.6%,79.5%,79.6%,14.1%,14.1%,14.2%,10.4%,10.4%,10.4%,36.1%,36.1%,36.2%,18.8%,18.7%,18.8%,24%,23.9%,24.1%,13%,12.9%,13%,13.3%,13.3%,13.3%,30.3%,30.2%,30.3%
0609,CA,09,CA-09,14.2%,14.2%,14.2%,67.1%,67%,67.1%,79.8%,79.7%,79.8%,12.2%,12.2%,12.2%,9.6%,9.6%,9.7%,37.3%,37.2%,37.3%,17.2%,17.1%,17.2%,22.3%,22.2%,22.3%,12.9%,12.8%,12.9%,12.4%,12.4%,12.4%,28.9%,28.9%,29%
0610,CA,10,CA-10,13.6%,13.6%,13.6%,65.8%,65.7%,65.9%,80%,80%,80.1%,12.6%,12.6%,12.7%,9.3%,9.3%,9.3%,38.5%,38.4%,38.5%,16.9%,16.8%,16.9%,19.8%,19.8%,19.9%,12.6%,12.6%,12.7%,13%,13%,13.1%,25.4%,25.3%,25.5%
0611,CA,11,CA-11,11%,11%,11%,66.7%,66.6%,66.8%,82.3%,82.3%,82.3%,10.7%,10.6%,10.7%,8.7%,8.7%,8.7%,41.3%,41.2%,41.3%,13.5%,13.4%,13.5%,16.8%,16.8%,16.9%,10.8%,10.8%,10.8%,11.1%,11.1%,11.1%,23.5%,23.4%,23.5%
0612,CA,12,CA-12,9.2%,9.2%,9.2%,66.8%,66.7%,66.8%,80.9%,80.8%,80.9%,10.9%,10.8%,10.9%,8.1%,8.1%,8.1%,42.6%,42.6%,42.7%,11.8%,11.8%,11.9%,14.2%,14.2%,14.3%,9.9%,9.9%,9.9%,10.2%,10.2%,10.3%,17%,17%,17.1%
0613,CA,13,CA-13,11.7%,11.6%,11.7%,65.5%,65.4%,65.5%,79.1%,79%,79.1%,11.8%,11.7%,11.8%,8.5%,8.5%,8.6%,39%,38.9%,39%,14.6%,14.5%,14.6%,17.3%,17.2%,17.3%,12.1%,12.1%,12.1%,11.3%,11.3%,11.3%,23.4%,23.4%,23.5%
0614,CA,14,CA-14,9.8%,9.7%,9.8%,66.3%,66.2%,66.3%,83.2%,83.2%,83.2%,9%,8.9%,9%,8.4%,8.4%,8.4%,44.8%,44.7%,44.9%,12.7%,12.6%,12.7%,16.9%,16.9%,16.9%,9.8%,9.8%,9.8%,9.4%,9.4%,9.4%,18.9%,18.8%,18.9%
0615,CA,15,CA-15,9.7%,9.7%,9.7%,65%,65%,65.1%,82%,82%,82%,9.4%,9.3%,9.4%,7.3%,7.3%,7.3%,41.9%,41.8%,42%,11.4%,11.3%,11.4%,14.5%,14.5%,14.6%,10.2%,10.2%,10.3%,9.4%,9.4%,9.4%,20.1%,20.1%,20.2%
0616,CA,16,CA-16,21%,20.9%,21%,63.2%,63.1%,63.2%,74.9%,74.9%,75%,15.5%,15.5%,15.6%,11.4%,11.4%,11.4%,36.3%,36.2%,36.4%,25.4%,25.3%,25.5%,27.2%,27.1%,27.3%,17.3%,17.2%,17.3%,15.1%,15%,15.1%,31.5%,31.4%,31.6%
0617,CA,17,CA-17,8.5%,8.5%,8.6%,63.6%,63.6%,63.7%,82.9%,82.8%,82.9%,7.9%,7.9%,7.9%,7.3%,7.3%,7.3%,44.4%,44.3%,44.5%,10.5%,10.5%,10.6%,13.7%,13.7%,13.8%,9%,9%,9%,8.1%,8.1%,8.1%,15.7%,15.7%,15.7%
0618,CA,18,CA-18,8.4%,8.4%,8.4%,64.3%,64.2%,64.3%,83.8%,83.8%,83.9%,9.1%,9.1%,9.2%,7.4%,7.3%,7.4%,45.2%,45.1%,45.2%,11.6%,11.6%,11.7%,14.3%,14.2%,14.3%,8.9%,8.9%,8.9%,9.5%,9.4%,9.5%,19.3%,19.3%,19.4%
0619,CA,19,CA-19,12.9%,12.9%,12.9%,61.7%,61.7%,61.8%,80.9%,80.8%,80.9%,9.5%,9.5%,9.6%,8.3%,8.2%,8.3%,41.7%,41.7%,41.8%,14.6%,14.6%,14.6%,16.2%,16.1%,16.2%,11.5%,11.4%,11.5%,10.1%,10%,10.1%,20%,20%,20.1%
0620,CA,20,CA-20,15.8%,15.8%,15.9%,64%,64%,64.1%,78.5%,78.5%,78.6%,12.3%,12.3%,12.4%,9.1%,9.1%,9.2%,39.3%,39.2%,39.4%,19.1%,19%,19.2%,19.8%,19.7%,19.9%,13.3%,13.3%,13.4%,12.6%,12.6%,12.6%,24%,23.9%,24.1%
0621,CA,21,CA-21,24.2%,24.2%,24.3%,61.8%,61.7%,61.9%,74.1%,74%,74.1%,16.9%,16.8%,16.9%,11.4%,11.4%,11.5%,34.2%,34.1%,34.4%,27.4%,27.3%,27.5%,29.2%,29.1%,29.3%,18.7%,18.6%,18.7%,15.5%,15.5%,15.6%,32.9%,32.8%,33.1%
0622,CA,22,CA-22,16%,16%,16.1%,63.8%,63.8%,63.9%,78.1%,78.1%,78.2%,12.5%,12.5%,12.6%,9.6%,9.6%,9.6%,39.3%,39.2%,39.4%,20.2%,20.1%,20.2%,22.8%,22.8%,22.9%,13.9%,13.9%,14%,13.3%,13.3%,13.3%,27.8%,27.7%,27.9%
0623,CA,23,CA-23,14%,13.9%,14%,65.3%,65.2%,65.4%,79.9%,79.9%,79.9%,14.1%,14%,14.1%,9.3%,9.2%,9.3%,38.6%,38.5%,38.7%,18.3%,18.2%,18.3%,22.8%,22.8%,22.9%,12.8%,12.7%,12.8%,13%,13%,13%,27.7%,27.7%,27.8%
0624,CA,24,CA-24,13.3%,13.2%,13.3%,65.2%,65.1%,65.3%,78.7%,78.7%,78.8%,12%,11.9%,12%,8.3%,8.3%,8.4%,39.5%,39.4%,39.6%,15.4%,15.3%,15.5%,18.3%,18.2%,18.4%,11.8%,11.7%,11.8%,12.4%,12.3%,12.4%,26%,25.9%,26.1%
0625,CA,25,CA-25,12.7%,12.7%,12.8%,66.1%,66.1%,66.2%,82.2%,82.2%,82.3%,11.2%,11.2%,11.2%,8.1%,8.1%,8.1%,36.5%,36.5%,36.6%,14.2%,14.1%,14.2%,17.6%,17.5%,17.6%,12.7%,12.7%,12.7%,11.5%,11.5%,11.6%,22.9%,22.9%,23%
0626,CA,26,CA-26,13.8%,13.8%,13.8%,65.4%,65.3%,65.4%,81.5%,81.4%,81.5%,11.1%,11%,11.1%,9.5%,9.4%,9.5%,37.9%,37.9%,38%,15.9%,15.8%,15.9%,19%,18.9%,19.1%,11.9%,11.8%,11.9%,11.8%,11.7%,11.8%,21.6%,21.6%,21.7%
0627,CA,27,CA-27,11%,11%,11%,69.5%,69.5%,69.6%,84.6%,84.6%,84.6%,8.8%,8.8%,8.8%,9.6%,9.6%,9.6%,40.5%,40.4%,40.5%,13.1%,13.1%,13.1%,17.6%,17.5%,17.6%,11%,10.9%,11%,9.2%,9.2%,9.2%,18.4%,18.4%,18.5%
0628,CA,28,CA-28,11.5%,11.5%,11.6%,66.5%,66.4%,66.5%,82.5%,82.5%,82.5%,11.1%,11.1%,11.2%,8.3%,8.3%,8.3%,37.8%,37.8%,37.9%,13.6%,13.6%,13.6%,17.4%,17.4%,17.4%,11.9%,11.9%,11.9%,11.1%,11.1%,11.1%,21.8%,21.7%,21.8%
0629,CA,29,CA-29,20.3%,20.3%,20.4%,64.5%,64.4%,64.5%,79.3%,79.2%,79.3%,12.1%,12.1%,12.2%,9.6%,9.6%,9.6%,33.5%,33.4%,33.5%,19.2%,19.2%,19.2%,21.7%,21.6%,21.7%,17%,16.9%,17%,12.7%,12.7%,12.7%,25.6%,25.6%,25.7%
0630,CA,30,CA-30,11%,11%,11%,67.5%,67.5%,67.5%,83.7%,83.7%,83.7%,10%,10%,10%,7.8%,7.8%,7.8%,39.1%,39.1%,39.2%,12.4%,12.4%,12.5%,16.3%,16.3%,16.4%,11.3%,11.2%,11.3%,10.4%,10.4%,10.4%,21.1%,21%,21.1%
0631,CA,31,CA-31,16.2%,16.1%,16.2%,67.8%,67.8%,67.9%,78.6%,78.6%,78.7%,13.4%,13.4%,13.5%,10.2%,10.2%,10.2%,34.7%,34.7%,34.8%,19.5%,19.4%,19.5%,24.7%,24.6%,24.7%,14.4%,14.4%,14.4%,13.1%,13.1%,13.1%,30.2%,30.1%,30.2%
0632,CA,32,CA-32,17%,16.9%,17%,66.5%,66.5%,66.6%,82%,81.9%,82%,9.8%,9.8%,9.8%,9.6%,9.5%,9.6%,36.8%,36.7%,36.8%,16.4%,16.3%,16.4%,19.4%,19.4%,19.4%,14.4%,14.3%,14.4%,10.8%,10.8%,10.8%,22.5%,22.4%,22.5%
0633,CA,33,CA-33,7.9%,7.9%,8%,67.9%,67.9%,68%,84.4%,84.3%,84.4%,9.4%,9.4%,9.5%,7%,7%,7%,40.8%,40.7%,40.8%,10.2%,10.2%,10.3%,14.5%,14.5%,14.5%,9.5%,9.5%,9.5%,9.9%,9.8%,9.9%,19.3%,19.3%,19.4%
0634,CA,34,CA-34,21.5%,21.5%,21.6%,65%,64.9%,65%,78.6%,78.5%,78.6%,12.8%,12.8%,12.8%,11.2%,11.2%,11.3%,33.1%,33%,33.1%,21.4%,21.4%,21.4%,23.8%,23.7%,23.8%,17.7%,17.6%,17.7%,12.9%,12.8%,12.9%,25.2%,25.2%,25.2%
0635,CA,35,CA-35,19%,19%,19.1%,66.1%,66%,66.1%,78.2%,78.1%,78.3%,12.4%,12.4%,12.4%,9.9%,9.9%,9.9%,33.6%,33.6%,33.7%,19.8%,19.7%,19.8%,24.2%,24.1%,24.3%,15.8%,15.8%,15.8%,12.7%,12.7%,12.7%,29.4%,29.3%,29.4%
0636,CA,36,CA-36,17.1%,17%,17.1%,68.1%,68%,68.1%,81.9%,81.8%,81.9%,13.6%,13.6%,13.6%,11.9%,11.9%,12%,36.8%,36.8%,36.9%,19.5%,19.4%,19.5%,22.8%,22.7%,22.9%,12.5%,12.5%,12.6%,13.4%,13.3%,13.4%,28.9%,28.8%,29%
0637,CA,37,CA-37,15.9%,15.9%,16%,67.8%,67.8%,67.9%,80.7%,80.7%,80.7%,12.5%,12.4%,12.5%,10%,9.9%,10%,34.2%,34.2%,34.3%,17.7%,17.6%,17.7%,20.7%,20.6%,20.7%,15.1%,15%,15.1%,12.6%,12.5%,12.6%,25.9%,25.8%,25.9%
0638,CA,38,CA-38,16.4%,16.3%,16.4%,67.1%,67.1%,67.2%,82.7%,82.6%,82.7%,9.5%,9.5%,9.5%,9.5%,9.5%,9.6%,37.6%,37.5%,37.6%,16%,16%,16%,19%,18.9%,19%,13.9%,13.8%,13.9%,10.5%,10.5%,10.5%,22.3%,22.3%,22.3%
0639,CA,39,CA-39,11%,11%,11%,68.1%,68%,68.1%,83%,83%,83%,8.8%,8.8%,8.8%,8.8%,8.8%,8.8%,40.7%,40.7%,40.8%,13.1%,13.1%,13.1%,16.5%,16.5%,16.6%,11%,11%,11%,9.6%,9.6%,9.6%,18.4%,18.4%,18.5%
0640,CA,40,CA-40,25.9%,25.8%,25.9%,63.6%,63.5%,63.6%,77.2%,77.2%,77.3%,13.6%,13.5%,13.6%,11%,10.9%,11%,30.9%,30.8%,31%,24.1%,24%,24.1%,25.2%,25.2%,25.3%,20.4%,20.3%,20.4%,14.3%,14.3%,14.3%,29%,28.9%,29.1%
0641,CA,41,CA-41,17.4%,17.3%,17.4%,64.6%,64.5%,64.6%,78.1%,78.1%,78.2%,13.6%,13.6%,13.6%,9.6%,9.6%,9.7%,32.4%,32.3%,32.4%,18%,17.9%,18%,21.7%,21.6%,21.7%,14.2%,14.2%,14.2%,14%,13.9%,14%,28.5%,28.5%,28.6%
0642,CA,42,CA-42,12.3%,12.3%,12.3%,65.8%,65.7%,65.8%,81.8%,81.8%,81.8%,12%,11.9%,12%,8.7%,8.7%,8.7%,35.9%,35.8%,36%,14%,13.9%,14%,18.3%,18.3%,18.3%,11.1%,11.1%,11.1%,12%,12%,12%,25.6%,25.6%,25.7%
0643,CA,43,CA-43,16.7%,16.7%,16.8%,68.2%,68.2%,68.3%,81.6%,81.6%,81.6%,11.9%,11.9%,11.9%,10.2%,10.2%,10.2%,34.4%,34.4%,34.5%,17.8%,17.8%,17.8%,20.8%,20.7%,20.8%,15.4%,15.4%,15.4%,12.1%,12.1%,12.1%,25.8%,25.7%,25.8%
0644,CA,44,CA-44,21.3%,21.3%,21.4%,66.3%,66.3%,66.4%,79.6%,79.5%,79.6%,12.6%,12.6%,12.7%,10.7%,10.7%,10.8%,32.4%,32.4%,32.5%,20.9%,20.9%,21%,23%,22.9%,23%,17.9%,17.9%,18%,13.2%,13.2%,13.2%,27.9%,27.8%,27.9%
0645,CA,45,CA-45,8.6%,8.6%,8.6%,67.6%,67.5%,67.6%,83%,82.9%,83%,8.9%,8.9%,9%,7.7%,7.7%,7.7%,41.9%,41.8%,42%,11.7%,11.6%,11.7%,14.7%,14.7%,14.8%,9.8%,9.8%,9.9%,9.8%,9.8%,9.8%,17.6%,17.6%,17.7%
0646,CA,46,CA-46,19%,18.9%,19%,64%,63.9%,64%,77.5%,77.4%,77.5%,11.3%,11.3%,11.4%,9.5%,9.5%,9.5%,35.4%,35.3%,35.4%,19.3%,19.3%,19.4%,20.5%,20.4%,20.5%,16.1%,16%,16.1%,12.5%,12.4%,12.5%,22.7%,22.7%,22.8%
0647,CA,47,CA-47,13.2%,13.2%,13.2%,67.1%,67.1%,67.2%,81.6%,81.6%,81.6%,10.6%,10.6%,10.7%,9%,9%,9%,37.8%,37.7%,37.8%,15%,14.9%,15%,18.2%,18.2%,18.2%,12.9%,12.9%,12.9%,11.1%,11.1%,11.1%,21.1%,21.1%,21.1%
0648,CA,48,CA-48,9.3%,9.2%,9.3%,67.7%,67.6%,67.7%,83.1%,83.1%,83.2%,9.4%,9.4%,9.4%,8.4%,8.3%,8.4%,41.9%,41.8%,42%,12.6%,12.6%,12.7%,15.5%,15.4%,15.5%,10.1%,10.1%,10.1%,10.1%,10.1%,10.1%,18.5%,18.4%,18.5%
0649,CA,49,CA-49,10.3%,10.3%,10.4%,67.1%,67%,67.2%,81.5%,81.4%,81.6%,10.4%,10.4%,10.5%,7.5%,7.5%,7.5%,44.7%,44.6%,44.8%,12.7%,12.7%,12.7%,15.4%,15.3%,15.4%,10.3%,10.2%,10.3%,10.8%,10.8%,10.8%,20.7%,20.7%,20.8%
0650,CA,50,CA-50,11.2%,11.2%,11.2%,67.6%,67.6%,67.7%,82.3%,82.3%,82.3%,11.4%,11.4%,11.4%,8.4%,8.4%,8.4%,44.8%,44.8%,44.9%,14.3%,14.2%,14.3%,16.7%,16.7%,16.8%,10.8%,10.8%,10.8%,11.4%,11.3%,11.4%,22.9%,22.8%,22.9%
0651,CA,51,CA-51,20.5%,20.4%,20.5%,66.1%,66%,66.1%,78.1%,78%,78.2%,13.1%,13.1%,13.1%,11.5%,11.4%,11.5%,38.8%,38.7%,38.9%,22.4%,22.3%,22.4%,23.7%,23.6%,23.7%,16.1%,16.1%,16.1%,13.3%,13.3%,13.4%,28.2%,28.1%,28.2%
0652,CA,52,CA-52,8.2%,8.2%,8.3%,67.3%,67.3%,67.4%,81.8%,81.7%,81.8%,10.1%,10.1%,10.1%,6.9%,6.9%,7%,46.8%,46.7%,46.9%,10.8%,10.8%,10.9%,14.2%,14.2%,14.2%,9.1%,9.1%,9.2%,10%,10%,10%,19%,18.9%,19%
0653,CA,53,CA-53,11.7%,11.6%,11.7%,67.5%,67.4%,67.5%,81.1%,81%,81.1%,11.1%,11.1%,11.2%,8.3%,8.3%,8.3%,44.6%,44.5%,44.6%,14.1%,14.1%,14.2%,16.7%,16.7%,16.8%,11.3%,11.3%,11.3%,11.1%,11.1%,11.1%,21.9%,21.8%,21.9%
0801,CO,01,CO-01,14.6%,14.6%,14.7%,57.4%,57.4%,57.5%,77.9%,77.9%,77.9%,14.4%,14.4%,14.4%,6.8%,6.7%,6.8%,44.6%,44.6%,44.7%,14.1%,14.1%,14.1%,17.8%,17.8%,17.9%,13.6%,13.5%,13.6%,11.2%,11.2%,11.2%,20.6%,20.6%,20.7%
0802,CO,02,CO-02,10%,9.9%,10%,58.9%,58.9%,59%,77.5%,77.4%,77.6%,13%,12.9%,13%,5.8%,5.8%,5.8%,42.3%,42.2%,42.4%,11.1%,11.1%,11.1%,14.3%,14.2%,14.3%,11.2%,11.2%,11.2%,11.2%,11.2%,11.3%,19.4%,19.4%,19.5%
0803,CO,03,CO-03,13.4%,13.4%,13.4%,60.9%,60.8%,60.9%,78.4%,78.4%,78.5%,16%,15.9%,16%,8.5%,8.5%,8.5%,40.2%,40.1%,40.2%,16.9%,16.9%,17%,20.2%,20.1%,20.2%,12.9%,12.9%,12.9%,12.1%,12.1%,12.1%,24.7%,24.6%,24.8%
0804,CO,04,CO-04,11.9%,11.9%,11.9%,59.8%,59.7%,59.9%,79.6%,79.6%,79.6%,13.6%,13.6%,13.6%,7%,7%,7%,40.8%,40.7%,40.8%,12.9%,12.9%,12.9%,18%,18%,18.1%,12%,11.9%,12%,11%,11%,11%,25%,24.9%,25%
0805,CO,05,CO-05,11%,11%,11%,61.6%,61.6%,61.7%,77.9%,77.9%,78%,14.8%,14.8%,14.9%,6.6%,6.6%,6.6%,44.4%,44.3%,44.4%,12.9%,12.9%,12.9%,18.4%,18.3%,18.4%,12.2%,12.2%,12.2%,12%,12%,12.1%,22.5%,22.4%,22.5%
0806,CO,06,CO-06,11.7%,11.7%,11.7%,62.3%,62.3%,62.4%,80.6%,80.5%,80.6%,13.9%,13.9%,13.9%,6.9%,6.9%,6.9%,45.7%,45.6%,45.8%,12.2%,12.1%,12.2%,17.6%,17.5%,17.6%,12.2%,12.2%,12.2%,11%,10.9%,11%,24.1%,24%,24.1%
0807,CO,07,CO-07,13.3%,13.3%,13.3%,58.2%,58.1%,58.2%,78.6%,78.6%,78.6%,14.6%,14.5%,14.6%,6.9%,6.9%,6.9%,44.5%,44.5%,44.6%,12.9%,12.9%,13%,19%,19%,19.1%,12.6%,12.6%,12.6%,11.1%,11.1%,11.1%,24.2%,24.1%,24.2%
0901,CT,01,CT-01,9.4%,9.4%,9.5%,75.9%,75.8%,75.9%,87%,87%,87.1%,12.1%,12.1%,12.1%,9.4%,9.4%,9.5%,44.6%,44.5%,44.6%,14.1%,14%,14.1%,22.7%,22.7%,22.8%,10.2%,10.2%,10.2%,11.3%,11.3%,11.3%,27.7%,27.6%,27.7%
0902,CT,02,CT-02,7.6%,7.6%,7.7%,74.4%,74.3%,74.5%,84.7%,84.6%,84.8%,12.8%,12.8%,12.9%,8%,7.9%,8%,44.8%,44.7%,44.9%,12%,12%,12.1%,22%,21.9%,22.1%,9.5%,9.4%,9.5%,10.9%,10.8%,10.9%,27.3%,27.3%,27.4%
0903,CT,03,CT-03,9.4%,9.4%,9.4%,73.3%,73.2%,73.3%,85.3%,85.2%,85.3%,13.1%,13.1%,13.2%,8.8%,8.8%,8.8%,45.1%,45.1%,45.2%,14.2%,14.2%,14.2%,22.9%,22.8%,22.9%,11%,11%,11.1%,11.3%,11.3%,11.4%,28.4%,28.3%,28.4%
0904,CT,04,CT-04,10.6%,10.5%,10.6%,70.3%,70.2%,70.3%,85.7%,85.7%,85.7%,11%,11%,11%,7.7%,7.7%,7.7%,44%,43.9%,44.1%,11.6%,11.6%,11.6%,18.9%,18.9%,19%,11.3%,11.2%,11.3%,9.3%,9.3%,9.4%,22.1%,22.1%,22.2%
0905,CT,05,CT-05,9.5%,9.4%,9.5%,72.8%,72.8%,72.9%,86%,85.9%,86%,12.5%,12.5%,12.6%,8.6%,8.6%,8.6%,44.7%,44.6%,44.7%,13.5%,13.5%,13.5%,22.1%,22.1%,22.2%,10.6%,10.6%,10.6%,10.8%,10.8%,10.9%,26.8%,26.8%,26.9%
1000,DE,00,DE-00,13.1%,13.1%,13.1%,75.1%,75.1%,75.2%,81.8%,81.8%,81.9%,16.4%,16.4%,16.5%,10.2%,10.1%,10.2%,44%,43.9%,44%,18.1%,18.1%,18.1%,29.1%,29.1%,29.2%,13.2%,13.2%,13.2%,13.3%,13.3%,13.4%,32.1%,32%,32.1%
1198,DC,98,DC-98,8.2%,8.1%,8.2%,77%,76.9%,77.1%,79.8%,79.7%,79.8%,16.2%,16.1%,16.2%,8.3%,8.3%,8.3%,39.8%,39.7%,39.9%,12.9%,12.8%,12.9%,23.6%,23.5%,23.7%,11%,10.9%,11%,11.5%,11.5%,11.6%,25.6%,25.5%,25.7%
1201,FL,01,FL-01,18%,18%,18%,71.6%,71.5%,71.6%,79.9%,79.9%,80%,20.1%,20.1%,20.1%,9.9%,9.8%,9.9%,39.5%,39.4%,39.5%,18.4%,18.4%,18.5%,29.2%,29.1%,29.2%,16.2%,16.2%,16.3%,13.5%,13.5%,13.5%,28.9%,28.9%,29%
1202,FL,02,FL-02,19.1%,19%,19.1%,72.2%,72.1%,72.3%,80.2%,80.2%,80.3%,21.6%,21.6%,21.7%,11%,11%,11%,36.9%,36.9%,37%,21.1%,21%,21.1%,31%,31%,31.1%,17%,17%,17%,14.4%,14.4%,14.4%,32.1%,32%,32.2%
1203,FL,03,FL-03,20.6%,20.6%,20.7%,72%,71.9%,72%,78.1%,78.1%,78.2%,20.2%,20.2%,20.3%,10.2%,10.2%,10.2%,38.3%,38.2%,38.4%,19.9%,19.8%,19.9%,29.7%,29.7%,29.8%,18.3%,18.3%,18.4%,15.1%,15%,15.1%,31.9%,31.9%,32%
1204,FL,04,FL-04,16.1%,16.1%,16.1%,72%,72%,72.1%,81.4%,81.4%,81.5%,17.7%,17.6%,17.7%,8.9%,8.9%,8.9%,39.7%,39.6%,39.7%,15.4%,15.4%,15.4%,25.1%,25.1%,25.2%,16.1%,16%,16.1%,12.5%,12.4%,12.5%,27.1%,27%,27.1%
1205,FL,05,FL-05,23%,23%,23.1%,73.7%,73.7%,73.8%,78.2%,78.2%,78.3%,22.8%,22.8%,22.9%,12.2%,12.2%,12.2%,34.6%,34.5%,34.7%,23%,23%,23.1%,32.4%,32.3%,32.4%,21.7%,21.7%,21.8%,15.9%,15.9%,16%,36.3%,36.3%,36.4%
1206,FL,06,FL-06,19%,19%,19.1%,73.5%,73.5%,73.6%,82.5%,82.5%,82.6%,18.7%,18.7%,18.8%,11.8%,11.8%,11.8%,37.2%,37.1%,37.3%,19.4%,19.4%,19.5%,27.1%,27%,27.1%,16.3%,16.2%,16.3%,13.5%,13.5%,13.5%,30.2%,30.1%,30.3%
1207,FL,07,FL-07,21.3%,21.3%,21.3%,69.6%,69.5%,69.7%,79%,78.9%,79%,15.8%,15.8%,15.9%,8.8%,8.8%,8.8%,35.9%,35.8%,36%,16.5%,16.5%,16.6%,24.7%,24.6%,24.7%,17.6%,17.5%,17.6%,13.4%,13.3%,13.4%,25.9%,25.8%,25.9%
1208,FL,08,FL-08,18.4%,18.3%,18.4%,74.1%,74%,74.1%,83.6%,83.6%,83.6%,17.3%,17.3%,17.4%,11.2%,11.1%,11.2%,40.2%,40.2%,40.3%,19.1%,19.1%,19.2%,29%,28.9%,29%,15.4%,15.3%,15.4%,13.2%,13.1%,13.2%,29.2%,29.1%,29.2%
1209,FL,09,FL-09,26.3%,26.3%,26.4%,72.2%,72.1%,72.2%,80.2%,80.2%,80.3%,18.3%,18.3%,18.4%,12.2%,12.1%,12.2%,35.2%,35.1%,35.3%,21.9%,21.9%,22%,31.1%,31%,31.1%,20.3%,20.2%,20.3%,14.2%,14.2%,14.3%,32.8%,32.7%,32.8%
1210,FL,10,FL-10,24.4%,24.4%,24.5%,71.5%,71.4%,71.5%,80.2%,80.1%,80.2%,16.8%,16.7%,16.8%,10.6%,10.5%,10.6%,33%,33%,33.1%,19.5%,19.4%,19.5%,27.9%,27.8%,27.9%,20.2%,20.2%,20.2%,14.1%,14.1%,14.1%,29.2%,29.1%,29.3%
1211,FL,11,FL-11,18.3%,18.3%,18.4%,78.2%,78.1%,78.3%,85.3%,85.3%,85.3%,18%,18%,18.1%,13.3%,13.2%,13.3%,43.1%,43%,43.2%,20.4%,20.3%,20.4%,30.9%,30.8%,31%,14.2%,14.1%,14.2%,12.3%,12.3%,12.4%,30.1%,30%,30.2%
1212,FL,12,FL-12,17.4%,17.4%,17.5%,74.1%,74.1%,74.2%,84%,83.9%,84%,17.8%,17.8%,17.9%,10.9%,10.9%,11%,40.1%,40.1%,40.2%,18.9%,18.9%,19%,26.3%,26.2%,26.4%,15%,15%,15%,12.9%,12.9%,12.9%,28.4%,28.4%,28.5%
1213,FL,13,FL-13,18.7%,18.6%,18.7%,74.4%,74.4%,74.5%,83.4%,83.3%,83.4%,17.5%,17.4%,17.5%,10.8%,10.8%,10.8%,41.2%,41.2%,41.3%,19.1%,19.1%,19.1%,25%,24.9%,25%,16%,16%,16.1%,13.2%,13.1%,13.2%,27.7%,27.6%,27.7%
1214,FL,14,FL-14,24.3%,24.3%,24.4%,72.9%,72.8%,73%,80.2%,80.2%,80.3%,19%,18.9%,19%,10.2%,10.2%,10.2%,37%,37%,37.1%,21.2%,21.2%,21.3%,27.2%,27.2%,27.3%,20.6%,20.5%,20.6%,15.1%,15%,15.1%,29.5%,29.5%,29.6%
1215,FL,15,FL-15,21.1%,21.1%,21.1%,73%,73%,73.1%,81.2%,81.2%,81.2%,18.6%,18.5%,18.6%,10.3%,10.3%,10.3%,37.8%,37.7%,37.8%,19%,19%,19%,27%,27%,27.1%,18.1%,18.1%,18.2%,14.1%,14.1%,14.1%,30.9%,30.9%,31%
1216,FL,16,FL-16,19.7%,19.7%,19.8%,74%,74%,74.1%,83.6%,83.6%,83.6%,16.1%,16%,16.1%,10.5%,10.5%,10.6%,39.9%,39.9%,40%,17.4%,17.3%,17.4%,25.4%,25.3%,25.5%,15.3%,15.3%,15.3%,12.3%,12.3%,12.3%,26.2%,26.1%,26.2%
1217,FL,17,FL-17,20.9%,20.9%,20.9%,75.6%,75.6%,75.6%,83.7%,83.7%,83.7%,17.8%,17.7%,17.8%,12.4%,12.3%,12.4%,40.3%,40.2%,40.4%,19.6%,19.6%,19.7%,28.9%,28.8%,28.9%,15.3%,15.3%,15.3%,12.8%,12.8%,12.8%,29%,28.9%,29%
1218,FL,18,FL-18,19.2%,19.2%,19.3%,73.8%,73.8%,73.9%,84.1%,84%,84.1%,16.4%,16.4%,16.5%,10.7%,10.7%,10.8%,38.1%,38%,38.1%,17.6%,17.6%,17.7%,27.5%,27.5%,27.6%,15.5%,15.5%,15.5%,12.2%,12.2%,12.2%,26%,26%,26.1%
1219,FL,19,FL-19,20.8%,20.8%,20.8%,75.6%,75.5%,75.6%,84.5%,84.5%,84.5%,14.8%,14.8%,14.9%,11.7%,11.7%,11.7%,45.1%,45%,45.2%,18.5%,18.4%,18.5%,26.7%,26.7%,26.8%,14.8%,14.8%,14.8%,12.2%,12.2%,12.2%,26.1%,26.1%,26.2%
1220,FL,20,FL-20,27.9%,27.8%,27.9%,75.1%,75%,75.1%,81%,81%,81.1%,19%,19%,19.1%,12.1%,12%,12.1%,30.6%,30.6%,30.7%,22.4%,22.4%,22.5%,32.7%,32.6%,32.7%,22.8%,22.8%,22.9%,15.1%,15.1%,15.1%,29.7%,29.7%,29.8%
1221,FL,21,FL-21,22.2%,22.2%,22.2%,75.9%,75.9%,76%,84.4%,84.3%,84.4%,15.9%,15.8%,15.9%,11.3%,11.3%,11.3%,39%,38.9%,39.1%,18.9%,18.8%,18.9%,29.2%,29.1%,29.3%,16.1%,16.1%,16.1%,12.2%,12.2%,12.3%,23.1%,23.1%,23.2%
1222,FL,22,FL-22,20.7%,20.6%,20.7%,73.5%,73.4%,73.5%,83.7%,83.7%,83.8%,14.4%,14.4%,14.5%,9.6%,9.6%,9.6%,37.3%,37.2%,37.3%,16.2%,16.2%,16.3%,26.5%,26.5%,26.6%,16.8%,16.7%,16.8%,12.4%,12.4%,12.4%,23.3%,23.2%,23.3%
1223,FL,23,FL-23,23.4%,23.4%,23.4%,72.9%,72.9%,73%,83.6%,83.5%,83.6%,13.6%,13.6%,13.7%,9.9%,9.8%,9.9%,36.4%,36.3%,36.5%,17%,17%,17%,26.9%,26.9%,27%,18.2%,18.2%,18.3%,12.3%,12.3%,12.3%,24%,23.9%,24%
1224,FL,24,FL-24,30.3%,30.2%,30.3%,75.3%,75.2%,75.3%,80.5%,80.5%,80.5%,20.3%,20.3%,20.4%,13.7%,13.7%,13.7%,30.1%,30.1%,30.2%,24.7%,24.7%,24.8%,34.2%,34.2%,34.3%,24%,24%,24%,15.9%,15.9%,16%,33.6%,33.6%,33.7%
1225,FL,25,FL-25,36%,35.9%,36.1%,72.1%,72%,72.1%,80.8%,80.8%,80.9%,16.7%,16.7%,16.8%,13.9%,13.9%,14%,34.4%,34.3%,34.5%,26%,25.9%,26.1%,34.5%,34.5%,34.6%,23.4%,23.4%,23.5%,14%,13.9%,14%,30.6%,30.5%,30.6%
1226,FL,26,FL-26,32.7%,32.6%,32.8%,71.7%,71.7%,71.8%,80.7%,80.6%,80.7%,16.8%,16.7%,16.8%,12.1%,12.1%,12.2%,33.1%,33.1%,33.2%,22.8%,22.8%,22.9%,31.7%,31.6%,31.7%,22.9%,22.9%,23%,14%,14%,14.1%,29.5%,29.5%,29.6%
1227,FL,27,FL-27,31.7%,31.6%,31.7%,72.5%,72.5%,72.6%,81.8%,81.7%,81.8%,15.5%,15.5%,15.5%,12.9%,12.8%,12.9%,35.2%,35.1%,35.3%,22.9%,22.8%,22.9%,31.5%,31.4%,31.5%,21.5%,21.4%,21.5%,13.3%,13.2%,13.3%,28.4%,28.3%,28.4%
1301,GA,01,GA-01,19%,18.9%,19%,74.2%,74.2%,74.3%,81.1%,81.1%,81.1%,18.1%,18.1%,18.2%,10.4%,10.3%,10.4%,38.7%,38.6%,38.8%,18.9%,18.9%,18.9%,31.3%,31.2%,31.4%,16.2%,16.2%,16.2%,12.8%,12.8%,12.8%,32.8%,32.7%,32.8%
1302,GA,02,GA-02,22.8%,22.8%,22.9%,76.8%,76.8%,76.9%,80.9%,80.9%,81%,21.2%,21.2%,21.3%,13.7%,13.7%,13.8%,35.1%,35.1%,35.2%,23.9%,23.8%,23.9%,36.5%,36.5%,36.6%,18.9%,18.9%,18.9%,14.6%,14.6%,14.6%,38.2%,38.1%,38.3%
1303,GA,03,GA-03,17.1%,17.1%,17.1%,74%,73.9%,74.1%,82.7%,82.6%,82.7%,17.1%,17%,17.1%,10.1%,10%,10.1%,39.6%,39.5%,39.7%,17.5%,17.4%,17.5%,30.9%,30.8%,30.9%,15%,14.9%,15%,12.3%,12.3%,12.3%,32%,31.9%,32.1%
1304,GA,04,GA-04,21.5%,21.5%,21.6%,76.2%,76.1%,76.2%,82.9%,82.9%,83%,17.4%,17.4%,17.5%,11%,11%,11.1%,37.3%,37.2%,37.3%,18.2%,18.1%,18.3%,29.7%,29.6%,29.8%,18%,18%,18.1%,12.7%,12.7%,12.7%,33.1%,33%,33.2%
1305,GA,05,GA-05,22.9%,22.8%,23%,73.3%,73.3%,73.4%,79.6%,79.6%,79.7%,18%,17.9%,18%,10.8%,10.8%,10.8%,34.6%,34.5%,34.6%,18.3%,18.2%,18.3%,29.2%,29.1%,29.2%,18.7%,18.6%,18.7%,13.4%,13.3%,13.4%,30.7%,30.7%,30.8%
1306,GA,06,GA-06,17.5%,17.4%,17.5%,70.9%,70.9%,71%,83.5%,83.5%,83.5%,12.8%,12.8%,12.8%,7.6%,7.6%,7.7%,42.4%,42.3%,42.5%,11.9%,11.9%,11.9%,22.3%,22.3%,22.4%,13.9%,13.9%,14%,10.2%,10.2%,10.2%,24.1%,24%,24.2%
1307,GA,07,GA-07,19.9%,19.9%,19.9%,71.8%,71.8%,71.9%,82.5%,82.5%,82.5%,14.8%,14.7%,14.8%,8.8%,8.8%,8.8%,35.8%,35.7%,35.9%,15.2%,15.2%,15.3%,27.5%,27.4%,27.5%,15.6%,15.5%,15.6%,11.1%,11.1%,11.2%,28.2%,28.1%,28.2%
1308,GA,08,GA-08,19.8%,19.8%,19.9%,74.6%,74.5%,74.6%,81%,80.9%,81%,19%,19%,19.1%,11.5%,11.5%,11.6%,37.8%,37.7%,37.9%,20.5%,20.5%,20.6%,33.6%,33.6%,33.7%,16.6%,16.5%,16.6%,13.5%,13.4%,13.5%,35.3%,35.2%,35.4%
1309,GA,09,GA-09,18.1%,18.1%,18.2%,73.6%,73.6%,73.7%,82.2%,82.2%,82.2%,16.7%,16.7%,16.8%,10.1%,10.1%,10.2%,39.3%,39.2%,39.4%,17.8%,17.8%,17.9%,30.7%,30.6%,30.8%,14.6%,14.5%,14.6%,12.2%,12.2%,12.2%,30%,29.9%,30.1%
1310,GA,10,GA-10,18.6%,18.5%,18.6%,73.5%,73.4%,73.5%,80.3%,80.3%,80.4%,18.2%,18.2%,18.3%,10.3%,10.2%,10.3%,37.2%,37.1%,37.3%,18.6%,18.5%,18.6%,31.3%,31.2%,31.3%,15.9%,15.8%,15.9%,13.3%,13.2%,13.3%,31.9%,31.8%,32%
1311,GA,11,GA-11,17.1%,17.1%,17.2%,72.1%,72.1%,72.2%,82.3%,82.2%,82.3%,14.8%,14.8%,14.9%,8.2%,8.2%,8.3%,39.3%,39.2%,39.4%,14%,14%,14.1%,26.7%,26.6%,26.8%,14.6%,14.6%,14.6%,11.3%,11.3%,11.4%,29.9%,29.8%,30%
1312,GA,12,GA-12,20.4%,20.3%,20.4%,75.1%,75%,75.2%,80.2%,80.2%,80.3%,19.3%,19.3%,19.4%,11.6%,11.5%,11.6%,37.7%,37.6%,37.8%,20.3%,20.2%,20.4%,33.8%,33.8%,33.9%,17.1%,17.1%,17.2%,13.9%,13.8%,13.9%,35.1%,35.1%,35.2%
1313,GA,13,GA-13,21%,20.9%,21%,75.8%,75.8%,75.9%,82.7%,82.7%,82.8%,16.9%,16.8%,16.9%,10.6%,10.6%,10.6%,34.7%,34.6%,34.7%,18%,18%,18.1%,31.4%,31.4%,31.5%,17.9%,17.8%,17.9%,12.6%,12.6%,12.6%,33.9%,33.9%,34%
1314,GA,14,GA-14,17.9%,17.9%,18%,72.2%,72.2%,72.3%,81.5%,81.5%,81.6%,17.4%,17.4%,17.5%,9.6%,9.6%,9.6%,39%,38.9%,39.1%,18.2%,18.1%,18.2%,31%,31%,31.1%,15%,15%,15.1%,12.5%,12.5%,12.6%,31.7%,31.6%,31.8%
1501,HI,01,HI-01,7.3%,7.3%,7.3%,73.1%,73.1%,73.2%,82.4%,82.4%,82.5%,10.6%,10.6%,10.6%,10.7%,10.7%,10.7%,46.7%,46.6%,46.8%,13.1%,13.1%,13.1%,21.1%,21%,21.1%,7.7%,7.7%,7.7%,8.7%,8.7%,8.7%,21.1%,21%,21.1%
1502,HI,02,HI-02,8.8%,8.7%,8.8%,68.3%,68.3%,68.4%,79.5%,79.5%,79.5%,13.6%,13.6%,13.7%,9.8%,9.8%,9.9%,38.2%,38.2%,38.3%,14.2%,14.1%,14.2%,20.8%,20.7%,20.8%,9.5%,9.5%,9.5%,11.1%,11.1%,11.1%,24%,24%,24.1%
1601,ID,01,ID-01,15.2%,15.2%,15.2%,57.2%,57.2%,57.3%,76.6%,76.5%,76.6%,14.1%,14%,14.1%,8.6%,8.5%,8.6%,35.9%,35.8%,35.9%,14.6%,14.6%,14.7%,22.8%,22.8%,22.9%,13.2%,13.2%,13.2%,11.8%,11.8%,11.9%,29.3%,29.2%,29.3%
1602,ID,02,ID-02,16.6%,16.5%,16.6%,56.2%,56.1%,56.3%,73.7%,73.6%,73.7%,14.2%,14.2%,14.3%,8.1%,8.1%,8.1%,35.4%,35.3%,35.4%,14.6%,14.6%,14.7%,23.6%,23.5%,23.6%,13.9%,13.9%,14%,12.6%,12.5%,12.6%,28.8%,28.7%,28.9%
1701,IL,01,IL-01,13.5%,13.5%,13.5%,73.4%,73.3%,73.4%,85.8%,85.8%,85.8%,15.9%,15.9%,15.9%,12.3%,12.3%,12.3%,35.7%,35.6%,35.7%,20%,19.9%,20%,25.7%,25.6%,25.7%,13.8%,13.8%,13.9%,12%,12%,12%,34.3%,34.3%,34.4%
1702,IL,02,IL-02,14.9%,14.8%,14.9%,73.4%,73.4%,73.5%,85.5%,85.4%,85.5%,16.9%,16.9%,17%,12.8%,12.8%,12.8%,34.9%,34.8%,35%,21.4%,21.4%,21.4%,27.5%,27.4%,27.5%,14.7%,14.6%,14.7%,12.6%,12.5%,12.6%,36.6%,36.6%,36.7%
1703,IL,03,IL-03,14%,13.9%,14%,67.7%,67.6%,67.7%,84.8%,84.8%,84.8%,13.1%,13.1%,13.1%,8.7%,8.7%,8.7%,39.2%,39.1%,39.2%,15.6%,15.6%,15.6%,21.6%,21.5%,21.6%,12.2%,12.2%,12.2%,10.6%,10.6%,10.7%,27.6%,27.6%,27.7%
1704,IL,04,IL-04,25.1%,25%,25.1%,63.6%,63.6%,63.7%,80.5%,80.5%,80.6%,15.2%,15.1%,15.2%,10%,10%,10%,34.2%,34.2%,34.3%,22.5%,22.4%,22.5%,27.2%,27.2%,27.3%,18.3%,18.2%,18.3%,12.5%,12.5%,12.5%,31.2%,31.2%,31.3%
1705,IL,05,IL-05,11.3%,11.3%,11.3%,65.1%,65.1%,65.2%,83.5%,83.4%,83.5%,12.6%,12.6%,12.6%,6.9%,6.9%,7%,39.5%,39.4%,39.6%,12.4%,12.4%,12.5%,18.8%,18.8%,18.8%,11.1%,11.1%,11.1%,10.2%,10.2%,10.2%,24.7%,24.6%,24.7%
1706,IL,06,IL-06,8.2%,8.2%,8.2%,68.8%,68.8%,68.9%,86.2%,86.2%,86.2%,12.4%,12.4%,12.5%,8.1%,8.1%,8.2%,40.5%,40.4%,40.6%,12.4%,12.4%,12.4%,17.2%,17.2%,17.3%,9.4%,9.4%,9.4%,10%,10%,10%,27.5%,27.4%,27.6%
1707,IL,07,IL-07,15.8%,15.7%,15.8%,70.3%,70.2%,70.3%,83.1%,83%,83.1%,17.3%,17.3%,17.3%,11.4%,11.4%,11.5%,33.8%,33.8%,33.9%,20.6%,20.6%,20.7%,26.4%,26.4%,26.5%,15.6%,15.6%,15.6%,12.8%,12.8%,12.8%,33.6%,33.6%,33.7%
1708,IL,08,IL-08,12.9%,12.8%,12.9%,66.9%,66.9%,67%,84%,84%,84%,12.9%,12.9%,12.9%,8.2%,8.2%,8.3%,38.5%,38.5%,38.6%,14.4%,14.4%,14.5%,19.4%,19.4%,19.5%,11.8%,11.8%,11.8%,10.5%,10.4%,10.5%,27%,27%,27.1%
1709,IL,09,IL-09,11%,11%,11.1%,68.7%,68.7%,68.8%,85.7%,85.7%,85.7%,12.6%,12.6%,12.7%,8.7%,8.7%,8.7%,41.4%,41.4%,41.5%,14.1%,14.1%,14.1%,20.7%,20.6%,20.7%,10.8%,10.8%,10.9%,10%,10%,10%,25.1%,25.1%,25.1%
1710,IL,10,IL-10,12.3%,12.3%,12.4%,68.2%,68.1%,68.3%,85.1%,85.1%,85.2%,14%,14%,14.1%,8.8%,8.8%,8.9%,41.4%,41.4%,41.5%,14.7%,14.7%,14.8%,20.8%,20.7%,20.8%,11.4%,11.4%,11.5%,10.8%,10.8%,10.8%,26.7%,26.6%,26.8%
1711,IL,11,IL-11,12.8%,12.8%,12.9%,69.2%,69.1%,69.2%,83.6%,83.5%,83.6%,14.2%,14.1%,14.2%,9.1%,9.1%,9.1%,34.3%,34.2%,34.4%,16.1%,16%,16.1%,20.7%,20.7%,20.8%,12.2%,12.2%,12.3%,11.3%,11.3%,11.4%,31.8%,31.8%,31.9%
1712,IL,12,IL-12,10.4%,10.4%,10.4%,70.5%,70.4%,70.5%,82.9%,82.8%,82.9%,18.1%,18.1%,18.2%,10.4%,10.4%,10.4%,37.1%,37%,37.2%,18.1%,18.1%,18.2%,26.2%,26.1%,26.2%,11.6%,11.6%,11.6%,12.7%,12.6%,12.7%,35.5%,35.4%,35.6%
1713,IL,13,IL-13,10.8%,10.7%,10.8%,67.5%,67.3%,67.6%,80.1%,80%,80.1%,17.7%,17.6%,17.8%,9.2%,9.1%,9.2%,36.6%,36.5%,36.7%,16.9%,16.9%,17%,25.2%,25.1%,25.3%,11.7%,11.6%,11.7%,13.3%,13.2%,13.3%,33.8%,33.6%,33.9%
1714,IL,14,IL-14,8.8%,8.8%,8.8%,68%,67.9%,68.1%,85.5%,85.4%,85.5%,13.6%,13.6%,13.7%,7.9%,7.9%,7.9%,37.7%,37.6%,37.8%,12.9%,12.9%,13%,19.2%,19.1%,19.3%,9.9%,9.9%,10%,10.4%,10.4%,10.5%,29.9%,29.8%,30%
1715,IL,15,IL-15,9.2%,9.1%,9.2%,68.8%,68.7%,68.8%,83.5%,83.5%,83.6%,16.9%,16.8%,16.9%,9.9%,9.9%,10%,38%,37.9%,38.1%,16.7%,16.7%,16.8%,25.2%,25.1%,25.3%,10.4%,10.3%,10.4%,12%,12%,12.1%,34.3%,34.2%,34.4%
1716,IL,16,IL-16,9.7%,9.7%,9.8%,68%,67.9%,68%,83.5%,83.5%,83.6%,16%,15.9%,16.1%,9.2%,9.2%,9.2%,36.9%,36.8%,37%,15.9%,15.9%,16%,24.3%,24.2%,24.4%,10.5%,10.5%,10.5%,11.6%,11.6%,11.7%,31.8%,31.7%,31.9%
1717,IL,17,IL-17,11%,11%,11%,69.6%,69.5%,69.7%,83.3%,83.3%,83.4%,17.9%,17.9%,18%,10.9%,10.9%,11%,37.6%,37.5%,37.7%,18.6%,18.5%,18.6%,26.1%,26.1%,26.2%,11.5%,11.5%,11.6%,12.5%,12.5%,12.5%,35.5%,35.4%,35.6%
1718,IL,18,IL-18,8.3%,8.3%,8.4%,68.5%,68.5%,68.6%,84.3%,84.2%,84.3%,15.4%,15.3%,15.4%,9.1%,9%,9.1%,39.7%,39.6%,39.8%,14.7%,14.6%,14.7%,22.9%,22.8%,22.9%,9.7%,9.6%,9.7%,11.2%,11.2%,11.2%,32.2%,32.1%,32.3%
1801,IN,01,IN-01,13.9%,13.8%,13.9%,67.9%,67.9%,68%,81.4%,81.4%,81.5%,20%,20%,20.1%,12.6%,12.5%,12.6%,31.7%,31.7%,31.8%,20.8%,20.8%,20.9%,28.9%,28.9%,29%,12.8%,12.8%,12.9%,14.1%,14%,14.1%,35.5%,35.5%,35.6%
1802,IN,02,IN-02,12.5%,12.5%,12.6%,66.8%,66.7%,66.8%,80.1%,80.1%,80.2%,20.8%,20.7%,20.8%,10.6%,10.6%,10.7%,36.9%,36.8%,37%,19.9%,19.9%,20%,29.7%,29.6%,29.7%,12.3%,12.3%,12.4%,14.1%,14%,14.1%,34.7%,34.6%,34.8%
1803,IN,03,IN-03,11.3%,11.3%,11.3%,66.7%,66.7%,66.8%,80%,80%,80.1%,20.2%,20.2%,20.2%,10.3%,10.3%,10.3%,35.3%,35.2%,35.3%,18.3%,18.2%,18.3%,26.3%,26.3%,26.4%,11.8%,11.8%,11.8%,13.9%,13.8%,13.9%,33.7%,33.6%,33.7%
1804,IN,04,IN-04,11.4%,11.4%,11.5%,66.4%,66.3%,66.5%,78.6%,78.6%,78.7%,19.9%,19.8%,20%,9.9%,9.8%,9.9%,38.4%,38.3%,38.5%,18.3%,18.2%,18.4%,28.9%,28.8%,29%,11.6%,11.5%,11.6%,14.3%,14.2%,14.3%,33.1%,33%,33.2%
1805,IN,05,IN-05,10.3%,10.3%,10.3%,67.1%,67.1%,67.2%,81.7%,81.7%,81.8%,17.4%,17.4%,17.5%,9.9%,9.9%,9.9%,40.5%,40.4%,40.6%,15.9%,15.9%,16%,25.2%,25.1%,25.3%,11.1%,11.1%,11.2%,12.7%,12.6%,12.7%,31.6%,31.6%,31.7%
1806,IN,06,IN-06,10.8%,10.7%,10.8%,67.6%,67.6%,67.7%,80.3%,80.2%,80.3%,21.2%,21.1%,21.2%,10.7%,10.7%,10.7%,37.4%,37.3%,37.5%,19.7%,19.6%,19.8%,29.7%,29.6%,29.7%,11.4%,11.4%,11.4%,14.2%,14.1%,14.2%,34.6%,34.6%,34.7%
1807,IN,07,IN-07,15.3%,15.3%,15.4%,67.4%,67.4%,67.5%,78.6%,78.5%,78.6%,20.8%,20.8%,20.8%,11.8%,11.7%,11.8%,37.7%,37.7%,37.8%,20.3%,20.3%,20.4%,28.6%,28.5%,28.6%,14.9%,14.9%,14.9%,14.9%,14.8%,14.9%,35.8%,35.7%,35.8%
1808,IN,08,IN-08,10.7%,10.7%,10.8%,67.5%,67.5%,67.6%,80.3%,80.2%,80.3%,21%,20.9%,21%,10.7%,10.6%,10.7%,38%,37.9%,38.1%,19.7%,19.6%,19.7%,30.1%,30.1%,30.2%,11.6%,11.5%,11.6%,14.4%,14.4%,14.5%,34.4%,34.3%,34.5%
1809,IN,09,IN-09,11.1%,11.1%,11.2%,65.4%,65.3%,65.4%,78.6%,78.5%,78.6%,21.2%,21.2%,21.3%,9.7%,9.7%,9.7%,36.5%,36.4%,36.6%,18.6%,18.5%,18.6%,28.6%,28.5%,28.6%,11.7%,11.7%,11.7%,14.6%,14.6%,14.7%,32.1%,32%,32.2%
1901,IA,01,IA-01,8.2%,8.2%,8.2%,69.8%,69.8%,69.9%,77.4%,77.4%,77.5%,16.9%,16.8%,16.9%,8.9%,8.9%,8.9%,45.9%,45.8%,46%,13.6%,13.6%,13.7%,24.2%,24.2%,24.3%,8%,8%,8%,10.9%,10.9%,11%,34.5%,34.5%,34.6%
1902,IA,02,IA-02,8.9%,8.9%,8.9%,69%,68.9%,69.1%,76.9%,76.8%,76.9%,17.1%,17.1%,17.2%,9.2%,9.2%,9.2%,45.2%,45.2%,45.3%,15.1%,15.1%,15.2%,25.2%,25.2%,25.3%,8.5%,8.5%,8.5%,11.4%,11.4%,11.5%,35.8%,35.7%,35.8%
1903,IA,03,IA-03,8.8%,8.8%,8.8%,69%,68.9%,69%,78.3%,78.3%,78.3%,15.9%,15.8%,15.9%,8.5%,8.5%,8.6%,47.1%,47%,47.1%,13.9%,13.9%,14%,22.3%,22.2%,22.3%,8.1%,8.1%,8.2%,11%,11%,11%,36.1%,36%,36.1%
1904,IA,04,IA-04,9%,9%,9.1%,69.8%,69.7%,69.8%,77.4%,77.4%,77.5%,16.6%,16.5%,16.6%,9.3%,9.3%,9.3%,45.5%,45.4%,45.6%,15.3%,15.2%,15.3%,25.4%,25.4%,25.5%,8.3%,8.3%,8.3%,11.2%,11.2%,11.2%,35.4%,35.3%,35.5%
2001,KS,01,KS-01,15.9%,15.9%,15.9%,66.4%,66.3%,66.5%,73.6%,73.5%,73.6%,16.9%,16.8%,16.9%,9.8%,9.8%,9.8%,36.1%,36%,36.1%,16.4%,16.4%,16.5%,29.4%,29.3%,29.5%,12%,12%,12%,11.5%,11.5%,11.5%,33.1%,33%,33.2%
2002,KS,02,KS-02,13.9%,13.8%,13.9%,67.8%,67.7%,67.9%,74.7%,74.6%,74.7%,18.5%,18.4%,18.5%,10%,10%,10%,38.4%,38.3%,38.4%,17.1%,17.1%,17.1%,27.9%,27.9%,28%,11.6%,11.6%,11.7%,11.9%,11.8%,11.9%,34%,34%,34.1%
2003,KS,03,KS-03,13.7%,13.6%,13.7%,69.5%,69.4%,69.5%,79.7%,79.7%,79.8%,13.5%,13.5%,13.6%,8.6%,8.6%,8.6%,41.9%,41.9%,42%,12.7%,12.7%,12.7%,23.8%,23.7%,23.8%,11.3%,11.3%,11.3%,10%,9.9%,10%,29.3%,29.3%,29.3%
2004,KS,04,KS-04,15.4%,15.3%,15.4%,67%,67%,67.1%,75.2%,75.2%,75.3%,17.4%,17.4%,17.4%,10.5%,10.5%,10.5%,36.8%,36.7%,36.8%,16.8%,16.8%,16.8%,28.3%,28.3%,28.4%,12.3%,12.3%,12.4%,12.4%,12.4%,12.4%,32.7%,32.7%,32.8%
2101,KY,01,KY-01,8.4%,8.4%,8.4%,75%,74.9%,75%,81.4%,81.4%,81.5%,22.5%,22.4%,22.5%,12%,12%,12%,41.2%,41.1%,41.3%,23.4%,23.4%,23.5%,35.1%,35.1%,35.2%,11.9%,11.9%,11.9%,15.1%,15.1%,15.2%,35.2%,35.1%,35.3%
2102,KY,02,KY-02,8%,8%,8%,74.8%,74.7%,74.9%,81.4%,81.3%,81.4%,21.1%,21%,21.1%,10.7%,10.7%,10.8%,42.6%,42.6%,42.7%,21.1%,21.1%,21.2%,32.3%,32.3%,32.4%,11.6%,11.6%,11.7%,14.6%,14.5%,14.6%,33.3%,33.2%,33.4%
2103,KY,03,KY-03,8.7%,8.7%,8.7%,76%,76%,76.1%,80.3%,80.3%,80.4%,20.8%,20.8%,20.9%,11.6%,11.6%,11.6%,44.4%,44.4%,44.5%,22.1%,22%,22.1%,30.4%,30.3%,30.4%,12.2%,12.2%,12.3%,13.6%,13.6%,13.6%,33.1%,33%,33.1%
2104,KY,04,KY-04,7.3%,7.3%,7.3%,74.2%,74.2%,74.3%,82.1%,82.1%,82.2%,20.4%,20.4%,20.5%,10%,10%,10%,45%,44.9%,45.1%,19.1%,19.1%,19.2%,30.7%,30.6%,30.7%,11%,11%,11%,13.7%,13.7%,13.7%,32.6%,32.5%,32.7%
2105,KY,05,KY-05,9%,8.9%,9%,74.6%,74.6%,74.7%,80%,79.9%,80%,25.5%,25.4%,25.5%,12.9%,12.9%,13%,40.2%,40.1%,40.2%,27.4%,27.4%,27.5%,37.8%,37.8%,37.9%,13.1%,13.1%,13.1%,17.1%,17.1%,17.2%,37.9%,37.8%,38%
2106,KY,06,KY-06,8.8%,8.8%,8.9%,72.5%,72.4%,72.6%,79.6%,79.5%,79.6%,21.1%,21.1%,21.2%,10.3%,10.3%,10.4%,43.6%,43.5%,43.7%,20%,19.9%,20.1%,30.5%,30.4%,30.6%,12.4%,12.4%,12.4%,15%,15%,15%,32.7%,32.6%,32.8%
2201,LA,01,LA-01,11.5%,11.5%,11.5%,71%,70.9%,71%,80.6%,80.6%,80.7%,19.1%,19%,19.1%,10.5%,10.5%,10.5%,36.7%,36.6%,36.8%,18.5%,18.5%,18.6%,26.2%,26.2%,26.3%,14.7%,14.7%,14.7%,14.2%,14.1%,14.2%,32.4%,32.3%,32.5%
2202,LA,02,LA-02,15.7%,15.6%,15.7%,74.4%,74.4%,74.5%,79.6%,79.6%,79.6%,23.1%,23%,23.1%,14.2%,14.2%,14.2%,32.3%,32.3%,32.4%,24.2%,24.2%,24.2%,31.6%,31.5%,31.6%,19.5%,19.5%,19.5%,16.4%,16.4%,16.4%,38.8%,38.7%,38.8%
2203,LA,03,LA-03,12%,12%,12.1%,71.9%,71.9%,72%,79.5%,79.4%,79.5%,20.5%,20.4%,20.5%,11.2%,11.2%,11.3%,34.5%,34.4%,34.5%,20.4%,20.4%,20.4%,30%,30%,30.1%,15.7%,15.7%,15.8%,15.2%,15.2%,15.2%,34.1%,34%,34.1%
2204,LA,04,LA-04,13.4%,13.4%,13.4%,73.2%,73.2%,73.3%,79.6%,79.6%,79.7%,22.3%,22.3%,22.4%,13.1%,13%,13.1%,36.2%,36.2%,36.3%,23%,23%,23.1%,32.1%,32.1%,32.2%,16.7%,16.6%,16.7%,16.1%,16%,16.1%,37.2%,37.1%,37.3%
2205,LA,05,LA-05,13.8%,13.8%,13.9%,72.7%,72.6%,72.7%,79.2%,79.2%,79.3%,23.2%,23.2%,23.3%,13.7%,13.7%,13.7%,34.1%,34%,34.2%,24.8%,24.8%,24.9%,34%,34%,34.1%,17.3%,17.2%,17.3%,16.5%,16.5%,16.5%,39.5%,39.4%,39.6%
2206,LA,06,LA-06,11.2%,11.1%,11.2%,70.8%,70.7%,70.9%,79.1%,79%,79.1%,18.9%,18.8%,19%,9.6%,9.6%,9.7%,35.6%,35.5%,35.7%,17.7%,17.7%,17.8%,28.1%,28%,28.2%,14.8%,14.7%,14.8%,14.6%,14.5%,14.6%,33%,33%,33.1%
2301,ME,01,ME-01,10.7%,10.7%,10.7%,69%,68.9%,69.1%,83.1%,83.1%,83.2%,13.8%,13.7%,13.8%,8.1%,8.1%,8.1%,46.4%,46.3%,46.5%,11.9%,11.9%,11.9%,19.9%,19.8%,19.9%,9.6%,9.6%,9.6%,11.4%,11.4%,11.5%,25.5%,25.5%,25.6%
2302,ME,02,ME-02,12.4%,12.4%,12.5%,70.7%,70.6%,70.7%,82%,82%,82.1%,17.9%,17.8%,17.9%,9.6%,9.6%,9.6%,43%,42.9%,43%,16.1%,16%,16.1%,25.2%,25.1%,25.3%,10.7%,10.7%,10.7%,13.1%,13.1%,13.1%,31.2%,31.1%,31.3%
2401,MD,01,MD-01,7.3%,7.3%,7.4%,72%,71.9%,72%,85.7%,85.7%,85.8%,15%,14.9%,15%,9.6%,9.5%,9.6%,47.3%,47.2%,47.4%,14%,14%,14.1%,25.8%,25.8%,25.9%,8.9%,8.8%,8.9%,11.7%,11.7%,11.7%,32.1%,32.1%,32.2%
2402,MD,02,MD-02,8.7%,8.7%,8.8%,72%,71.9%,72%,84.6%,84.6%,84.6%,15.4%,15.4%,15.4%,9.2%,9.2%,9.3%,46.4%,46.3%,46.4%,14.9%,14.8%,14.9%,25%,24.9%,25%,10.6%,10.6%,10.6%,12.7%,12.6%,12.7%,31.8%,31.7%,31.8%
2403,MD,03,MD-03,8.2%,8.2%,8.2%,70.4%,70.4%,70.5%,84.8%,84.7%,84.8%,13.4%,13.4%,13.4%,8.6%,8.5%,8.6%,49.7%,49.6%,49.7%,12.7%,12.7%,12.8%,21.9%,21.9%,22%,9.5%,9.4%,9.5%,11.6%,11.6%,11.6%,28.4%,28.3%,28.4%
2404,MD,04,MD-04,11.1%,11.1%,11.1%,74.3%,74.3%,74.4%,86%,86%,86%,13%,13%,13%,10.9%,10.9%,10.9%,41.5%,41.5%,41.6%,14.4%,14.4%,14.4%,24.2%,24.2%,24.3%,11.5%,11.5%,11.6%,11.5%,11.5%,11.5%,37.1%,37.1%,37.2%
2405,MD,05,MD-05,8.8%,8.8%,8.9%,72.8%,72.7%,72.9%,85.5%,85.4%,85.5%,13.6%,13.5%,13.6%,9.6%,9.6%,9.6%,42.4%,42.4%,42.5%,13.2%,13.2%,13.2%,24%,23.9%,24%,10.1%,10.1%,10.1%,11.5%,11.4%,11.5%,34.4%,34.3%,34.5%
2406,MD,06,MD-06,8.9%,8.8%,8.9%,69.5%,69.4%,69.5%,84.9%,84.8%,84.9%,11.9%,11.9%,11.9%,8.8%,8.8%,8.8%,48.8%,48.7%,48.8%,13.3%,13.2%,13.3%,22.6%,22.5%,22.6%,9.5%,9.5%,9.6%,11.1%,11.1%,11.1%,28%,28%,28%
2407,MD,07,MD-07,10%,10%,10.1%,74.8%,74.7%,74.8%,85.3%,85.3%,85.4%,17.1%,17.1%,17.2%,11.8%,11.8%,11.9%,44.7%,44.6%,44.7%,17.7%,17.6%,17.7%,26.8%,26.7%,26.8%,11.8%,11.7%,11.8%,13.8%,13.7%,13.8%,35.2%,35.1%,35.2%
2408,MD,08,MD-08,8.6%,8.6%,8.7%,69.2%,69.1%,69.2%,86.1%,86.1%,86.1%,9.6%,9.6%,9.6%,8.2%,8.2%,8.2%,54.3%,54.2%,54.3%,11.4%,11.4%,11.5%,19.9%,19.8%,19.9%,9%,9%,9%,10%,9.9%,10%,24.5%,24.5%,24.6%
2501,MA,01,MA-01,8.1%,8.1%,8.1%,76.1%,76%,76.2%,82.1%,82.1%,82.2%,15.5%,15.4%,15.5%,9.3%,9.3%,9.3%,42.5%,42.4%,42.5%,16.9%,16.9%,17%,23.7%,23.6%,23.8%,10.2%,10.2%,10.2%,13.2%,13.2%,13.2%,27.6%,27.5%,27.7%
2502,MA,02,MA-02,6.9%,6.9%,6.9%,75.9%,75.8%,75.9%,80.8%,80.8%,80.9%,14.9%,14.8%,14.9%,8.2%,8.2%,8.2%,41.5%,41.4%,41.6%,14.6%,14.6%,14.7%,22.3%,22.3%,22.4%,9.3%,9.3%,9.4%,13.1%,13.1%,13.2%,26.3%,26.2%,26.4%
2503,MA,03,MA-03,7.6%,7.6%,7.6%,76.2%,76.1%,76.2%,81.6%,81.6%,81.7%,12.3%,12.3%,12.4%,8.2%,8.1%,8.2%,44.5%,44.4%,44.5%,14.2%,14.1%,14.2%,22.2%,22.2%,22.3%,9.6%,9.6%,9.6%,11.6%,11.5%,11.6%,25.4%,25.4%,25.5%
2504,MA,04,MA-04,5%,5%,5.1%,76.9%,76.8%,77%,84%,83.9%,84%,13%,13%,13.1%,7.9%,7.8%,7.9%,44.8%,44.7%,44.9%,12.3%,12.3%,12.4%,20.7%,20.7%,20.8%,8%,7.9%,8%,11.1%,11.1%,11.1%,25%,24.9%,25.1%
2505,MA,05,MA-05,5.9%,5.9%,5.9%,75.3%,75.2%,75.4%,81.4%,81.4%,81.5%,10.7%,10.6%,10.7%,7.2%,7.2%,7.2%,48%,48%,48.1%,11.6%,11.6%,11.6%,19.7%,19.6%,19.7%,8.5%,8.5%,8.5%,10.6%,10.6%,10.6%,22.7%,22.7%,22.8%
2506,MA,06,MA-06,5.7%,5.7%,5.7%,78.5%,78.4%,78.5%,84.4%,84.3%,84.4%,11.2%,11.2%,11.2%,8%,7.9%,8%,45.8%,45.7%,45.9%,12.2%,12.1%,12.2%,20.5%,20.4%,20.6%,8%,8%,8%,10.4%,10.4%,10.4%,24.2%,24.1%,24.2%
2507,MA,07,MA-07,10.1%,10.1%,10.2%,72.8%,72.7%,72.9%,75.1%,75%,75.1%,14.8%,14.8%,14.9%,8.6%,8.6%,8.6%,40.4%,40.3%,40.5%,16%,16%,16%,22.3%,22.2%,22.4%,12.3%,12.3%,12.3%,14.2%,14.2%,14.3%,25.1%,25.1%,25.2%
2508,MA,08,MA-08,6%,6%,6%,76.2%,76.1%,76.2%,83.5%,83.5%,83.6%,13.9%,13.9%,14%,8.5%,8.5%,8.5%,43.6%,43.5%,43.7%,13.3%,13.3%,13.4%,20.5%,20.4%,20.5%,8.7%,8.6%,8.7%,11.4%,11.3%,11.4%,24.5%,24.4%,24.5%
2509,MA,09,MA-09,5.8%,5.8%,5.8%,78.5%,78.4%,78.5%,84.2%,84.2%,84.2%,14.6%,14.6%,14.7%,9%,9%,9.1%,41.4%,41.4%,41.5%,13.8%,13.8%,13.9%,22.9%,22.8%,22.9%,8.4%,8.4%,8.4%,11.6%,11.5%,11.6%,26.5%,26.4%,26.6%
2601,MI,01,MI-01,8.4%,8.3%,8.4%,72.9%,72.8%,73%,83.1%,83%,83.1%,18.1%,18%,18.1%,10.5%,10.5%,10.6%,41.4%,41.3%,41.5%,16.2%,16.2%,16.3%,24.7%,24.6%,24.7%,10.1%,10.1%,10.1%,12.9%,12.9%,12.9%,33%,33%,33.1%
2602,MI,02,MI-02,9.9%,9.9%,10%,72.3%,72.2%,72.3%,81.1%,81.1%,81.2%,17.1%,17%,17.2%,9.5%,9.5%,9.5%,40.8%,40.7%,40.9%,14.9%,14.8%,14.9%,23.6%,23.5%,23.7%,11.4%,11.4%,11.5%,13.3%,13.3%,13.4%,32.2%,32.1%,32.3%
2603,MI,03,MI-03,9.9%,9.8%,9.9%,71.8%,71.8%,71.9%,82%,82%,82.1%,16.8%,16.7%,16.8%,9.2%,9.2%,9.3%,41.8%,41.7%,41.8%,14.3%,14.3%,14.4%,23.3%,23.2%,23.3%,11.4%,11.4%,11.4%,13.1%,13.1%,13.2%,31.5%,31.4%,31.5%
2604,MI,04,MI-04,9.1%,9.1%,9.2%,71.6%,71.5%,71.7%,80.8%,80.7%,80.9%,18.5%,18.4%,18.6%,9.6%,9.6%,9.7%,38.9%,38.8%,39%,16.2%,16.2%,16.3%,25.4%,25.3%,25.5%,10.8%,10.7%,10.8%,13.7%,13.7%,13.8%,34.4%,34.3%,34.5%
2605,MI,05,MI-05,10.6%,10.5%,10.6%,74.6%,74.6%,74.7%,82%,82%,82%,19.7%,19.7%,19.7%,12%,12%,12%,39.1%,39%,39.2%,18.8%,18.7%,18.8%,26.9%,26.9%,27%,11.9%,11.9%,11.9%,14.4%,14.4%,14.4%,36.6%,36.5%,36.7%
2606,MI,06,MI-06,9.7%,9.7%,9.8%,71.9%,71.8%,72%,81.1%,81.1%,81.2%,18.2%,18.2%,18.3%,9.9%,9.8%,9.9%,40.6%,40.5%,40.7%,16.1%,16.1%,16.2%,24.1%,24%,24.2%,11.3%,11.3%,11.3%,13.7%,13.7%,13.7%,31.9%,31.8%,32%
2607,MI,07,MI-07,8.6%,8.6%,8.6%,71.1%,71%,71.2%,82.7%,82.7%,82.8%,17.5%,17.5%,17.6%,9.5%,9.5%,9.5%,39.9%,39.8%,40%,14.8%,14.8%,14.9%,23.9%,23.8%,23.9%,10.3%,10.3%,10.3%,12.7%,12.6%,12.7%,33.1%,33%,33.1%
2608,MI,08,MI-08,8.5%,8.5%,8.6%,71%,70.9%,71%,81.7%,81.7%,81.8%,15.5%,15.5%,15.6%,8.3%,8.3%,8.3%,40.9%,40.8%,40.9%,13.1%,13.1%,13.1%,21%,20.9%,21%,10.6%,10.6%,10.6%,13%,13%,13%,27.6%,27.5%,27.6%
2609,MI,09,MI-09,8.4%,8.4%,8.4%,72.1%,72.1%,72.2%,83.6%,83.5%,83.6%,18.1%,18%,18.1%,9.7%,9.7%,9.7%,39.2%,39.1%,39.2%,16.6%,16.6%,16.7%,25.4%,25.3%,25.4%,10.8%,10.8%,10.8%,13%,12.9%,13%,30.3%,30.2%,30.3%
2610,MI,10,MI-10,7.8%,7.8%,7.8%,71.8%,71.8%,71.9%,83.5%,83.5%,83.6%,17.9%,17.9%,18%,9%,9%,9.1%,37.7%,37.6%,37.7%,15.2%,15.2%,15.3%,23.1%,23%,23.1%,10%,10%,10%,12.5%,12.5%,12.5%,32%,32%,32.1%
2611,MI,11,MI-11,6.9%,6.9%,6.9%,72.5%,72.4%,72.5%,86.2%,86.2%,86.2%,13.1%,13.1%,13.1%,8%,8%,8%,44.3%,44.3%,44.4%,11.4%,11.4%,11.5%,19.4%,19.3%,19.4%,9.4%,9.4%,9.4%,10.7%,10.7%,10.7%,24.1%,24%,24.1%
2612,MI,12,MI-12,9.6%,9.6%,9.7%,70.6%,70.5%,70.7%,80.6%,80.5%,80.6%,17.1%,17%,17.1%,8.3%,8.3%,8.3%,42.6%,42.5%,42.7%,14.1%,14.1%,14.2%,22.1%,22.1%,22.2%,11.9%,11.9%,12%,13.9%,13.9%,14%,28.4%,28.4%,28.5%
2613,MI,13,MI-13,14.6%,14.6%,14.7%,76.5%,76.5%,76.6%,82.2%,82.2%,82.2%,25.3%,25.3%,25.4%,15.1%,15%,15.1%,34.5%,34.4%,34.5%,25.5%,25.4%,25.5%,33.5%,33.5%,33.6%,17.3%,17.2%,17.3%,16.9%,16.9%,17%,38.7%,38.6%,38.7%
2614,MI,14,MI-14,12.9%,12.9%,12.9%,77.4%,77.4%,77.4%,84.3%,84.3%,84.4%,20.8%,20.7%,20.8%,14.2%,14.2%,14.3%,36.9%,36.8%,36.9%,22.5%,22.4%,22.5%,30.2%,30.1%,30.2%,15.3%,15.3%,15.4%,14.8%,14.8%,14.9%,35.7%,35.7%,35.8%
2701,MN,01,MN-01,9.8%,9.8%,9.8%,67.8%,67.7%,67.9%,78.3%,78.3%,78.4%,14.6%,14.6%,14.7%,8.1%,8.1%,8.2%,46.3%,46.3%,46.4%,12.8%,12.7%,12.8%,26.3%,26.3%,26.4%,9.7%,9.7%,9.7%,10%,10%,10.1%,31%,30.9%,31%
2702,MN,02,MN-02,8.7%,8.6%,8.7%,69.4%,69.4%,69.5%,80.3%,80.3%,80.4%,13.9%,13.8%,13.9%,6.7%,6.7%,6.7%,46.9%,46.8%,47%,10.4%,10.4%,10.5%,21.2%,21.1%,21.2%,9.4%,9.3%,9.4%,9.1%,9.1%,9.1%,29.9%,29.8%,30%
2703,MN,03,MN-03,8.1%,8%,8.1%,69.6%,69.6%,69.7%,82.6%,82.5%,82.6%,11.1%,11.1%,11.1%,6.3%,6.3%,6.3%,48.3%,48.3%,48.4%,9.5%,9.5%,9.5%,18.3%,18.2%,18.3%,9.2%,9.2%,9.2%,8.5%,8.5%,8.5%,23.8%,23.7%,23.8%
2704,MN,04,MN-04,10.4%,10.3%,10.4%,68.8%,68.8%,68.9%,78.1%,78%,78.1%,13.5%,13.4%,13.5%,7.5%,7.4%,7.5%,49.4%,49.3%,49.5%,12%,12%,12%,23.2%,23.2%,23.2%,10.5%,10.5%,10.5%,10.5%,10.5%,10.5%,25.6%,25.6%,25.7%
2705,MN,05,MN-05,12.2%,12.1%,12.2%,67.6%,67.5%,67.6%,76.8%,76.7%,76.8%,14.1%,14.1%,14.2%,6.7%,6.7%,6.7%,43.9%,43.8%,43.9%,12.5%,12.4%,12.5%,21.4%,21.4%,21.5%,12.2%,12.2%,12.3%,10.7%,10.7%,10.7%,26%,26%,26.1%
2706,MN,06,MN-06,8.4%,8.3%,8.4%,67.3%,67.2%,67.4%,78.4%,78.3%,78.4%,15%,15%,15.1%,6.5%,6.5%,6.6%,42.3%,42.3%,42.4%,11.3%,11.3%,11.3%,23.5%,23.4%,23.6%,9.3%,9.3%,9.4%,9.8%,9.8%,9.8%,30.9%,30.8%,31%
2707,MN,07,MN-07,9.3%,9.3%,9.4%,70.3%,70.2%,70.3%,79.6%,79.6%,79.7%,15.3%,15.3%,15.4%,8.8%,8.8%,8.8%,45.3%,45.2%,45.3%,13.8%,13.8%,13.9%,27.3%,27.2%,27.4%,9.3%,9.3%,9.3%,9.9%,9.9%,10%,32.1%,32%,32.1%
2708,MN,08,MN-08,9.1%,9.1%,9.1%,68.9%,68.8%,68.9%,79.6%,79.6%,79.7%,17.1%,17.1%,17.2%,8.9%,8.8%,8.9%,42.9%,42.8%,43%,14.1%,14%,14.1%,26.8%,26.7%,26.8%,9.4%,9.3%,9.4%,10.2%,10.2%,10.3%,30.1%,30%,30.2%
2801,MS,01,MS-01,15.8%,15.7%,15.8%,69.4%,69.3%,69.4%,81.1%,81.1%,81.2%,18.5%,18.5%,18.6%,11.8%,11.8%,11.8%,37.6%,37.6%,37.7%,21.9%,21.8%,21.9%,29.1%,29.1%,29.2%,15.6%,15.6%,15.6%,13.8%,13.8%,13.8%,35.2%,35.1%,35.3%
2802,MS,02,MS-02,20.7%,20.7%,20.8%,72.9%,72.8%,72.9%,81%,81%,81.1%,21.9%,21.9%,22%,15.2%,15.1%,15.2%,33%,33%,33.1%,27%,27%,27.1%,34.2%,34.2%,34.3%,19.7%,19.7%,19.8%,15.6%,15.6%,15.7%,38.9%,38.8%,39%
2803,MS,03,MS-03,16.8%,16.8%,16.9%,70.7%,70.7%,70.8%,81.1%,81.1%,81.2%,19.4%,19.4%,19.5%,12.6%,12.5%,12.6%,36.4%,36.3%,36.5%,22.7%,22.7%,22.8%,30.3%,30.3%,30.4%,16.5%,16.5%,16.5%,14%,14%,14.1%,35%,34.9%,35.1%
2804,MS,04,MS-04,16.1%,16.1%,16.1%,68.7%,68.7%,68.8%,80.8%,80.7%,80.8%,20.1%,20%,20.1%,11.2%,11.2%,11.2%,36.5%,36.4%,36.6%,21.9%,21.8%,21.9%,29%,28.9%,29%,15.8%,15.7%,15.8%,13.8%,13.8%,13.8%,33.1%,33.1%,33.2%
2901,MO,01,MO-01,16.9%,16.9%,17%,75.3%,75.2%,75.3%,78.3%,78.3%,78.3%,21.8%,21.8%,21.8%,11.6%,11.6%,11.6%,43.5%,43.5%,43.6%,21.9%,21.9%,21.9%,28.3%,28.2%,28.3%,15.9%,15.9%,16%,14.7%,14.6%,14.7%,33.9%,33.9%,34%
2902,MO,02,MO-02,10%,10%,10%,73.4%,73.4%,73.5%,82.6%,82.5%,82.6%,14.8%,14.7%,14.8%,8.3%,8.3%,8.4%,52.6%,52.5%,52.7%,14.7%,14.6%,14.7%,21.4%,21.4%,21.5%,10.3%,10.2%,10.3%,11.1%,11.1%,11.1%,26.1%,26%,26.1%
2903,MO,03,MO-03,11.7%,11.7%,11.8%,70%,69.9%,70.1%,79.3%,79.3%,79.3%,18.6%,18.5%,18.6%,9%,8.9%,9%,45.4%,45.3%,45.5%,17.3%,17.2%,17.3%,27%,27%,27.1%,11.7%,11.7%,11.7%,12.6%,12.6%,12.6%,32.3%,32.2%,32.4%
2904,MO,04,MO-04,14.2%,14.1%,14.2%,69.8%,69.7%,69.9%,76.5%,76.4%,76.5%,20.5%,20.4%,20.5%,9.8%,9.7%,9.8%,42.9%,42.8%,43.1%,19.4%,19.3%,19.5%,29.1%,29%,29.2%,13%,13%,13.1%,14.2%,14.1%,14.2%,32.9%,32.8%,33%
2905,MO,05,MO-05,16.7%,16.7%,16.7%,70.3%,70.3%,70.4%,77.9%,77.9%,78%,20.7%,20.6%,20.7%,10.8%,10.7%,10.8%,41.4%,41.3%,41.4%,18.7%,18.7%,18.7%,28.1%,28%,28.1%,14.4%,14.4%,14.4%,13.9%,13.9%,13.9%,33.3%,33.3%,33.4%
2906,MO,06,MO-06,12.8%,12.7%,12.8%,70.2%,70.2%,70.3%,78.9%,78.8%,78.9%,19.3%,19.2%,19.3%,9.5%,9.5%,9.5%,43%,42.9%,43.1%,18%,18%,18.1%,28.6%,28.6%,28.7%,12.1%,12.1%,12.2%,13.1%,13%,13.1%,33.2%,33.1%,33.3%
2907,MO,07,MO-07,14.3%,14.2%,14.3%,69%,68.9%,69%,76.9%,76.8%,76.9%,20.6%,20.6%,20.7%,10.1%,10.1%,10.1%,43.3%,43.3%,43.4%,19.5%,19.4%,19.5%,29.6%,29.5%,29.6%,13.1%,13.1%,13.2%,14.3%,14.2%,14.3%,32.8%,32.7%,32.8%
2908,MO,08,MO-08,14.3%,14.2%,14.3%,70.5%,70.5%,70.6%,77.6%,77.6%,77.7%,22.4%,22.3%,22.4%,11.4%,11.4%,11.4%,41.8%,41.7%,41.9%,23.4%,23.3%,23.4%,33.5%,33.4%,33.6%,13.4%,13.3%,13.4%,14.8%,14.7%,14.8%,35.8%,35.7%,35.9%
3000,MT,00,MT-00,10.7%,10.6%,10.7%,65%,65%,65.1%,74.2%,74.2%,74.3%,17.3%,17.3%,17.3%,8.1%,8.1%,8.1%,41.1%,41.1%,41.2%,15.2%,15.1%,15.2%,24.7%,24.7%,24.8%,11.2%,11.2%,11.2%,12%,12%,12%,26.6%,26.5%,26.6%
3101,NE,01,NE-01,13.3%,13.2%,13.3%,64.8%,64.8%,64.9%,77.5%,77.4%,77.5%,14.6%,14.5%,14.6%,8.7%,8.7%,8.8%,46.3%,46.2%,46.4%,14%,14%,14%,23.6%,23.5%,23.7%,11.6%,11.6%,11.6%,10.6%,10.6%,10.6%,32.1%,32%,32.2%
3102,NE,02,NE-02,14.5%,14.4%,14.5%,66.9%,66.9%,67%,78.2%,78.1%,78.2%,16.1%,16.1%,16.1%,9.1%,9%,9.1%,47.8%,47.8%,47.9%,14.2%,14.2%,14.2%,22.3%,22.3%,22.3%,12.7%,12.7%,12.8%,11.4%,11.4%,11.4%,31.7%,31.6%,31.7%
3103,NE,03,NE-03,13.9%,13.9%,14%,63.9%,63.8%,63.9%,78.2%,78.2%,78.3%,15.4%,15.3%,15.4%,10.5%,10.5%,10.5%,43.7%,43.6%,43.8%,16.1%,16%,16.1%,28.7%,28.7%,28.8%,11.3%,11.3%,11.3%,10.5%,10.4%,10.5%,35.3%,35.3%,35.4%
3201,NV,01,NV-01,23.4%,23.4%,23.5%,65.5%,65.5%,65.6%,76.4%,76.3%,76.4%,20.1%,20%,20.1%,11.9%,11.9%,11.9%,30.1%,30%,30.1%,24.1%,24.1%,24.2%,31.7%,31.6%,31.7%,19.3%,19.3%,19.3%,14.1%,14%,14.1%,29.2%,29.1%,29.2%
3202,NV,02,NV-02,13.8%,13.7%,13.8%,64.1%,64.1%,64.2%,80.4%,80.3%,80.4%,16.9%,16.8%,16.9%,8.3%,8.3%,8.4%,38%,37.9%,38%,16.9%,16.9%,16.9%,21.5%,21.4%,21.5%,14.8%,14.7%,14.8%,13%,12.9%,13%,24.6%,24.6%,24.7%
3203,NV,03,NV-03,13.3%,13.3%,13.3%,66.1%,66.1%,66.2%,80%,79.9%,80%,16%,15.9%,16%,8.8%,8.8%,8.8%,34.1%,34%,34.1%,15.2%,15.2%,15.2%,23.8%,23.7%,23.8%,13.7%,13.7%,13.7%,11.3%,11.3%,11.3%,23.7%,23.7%,23.7%
3204,NV,04,NV-04,17.7%,17.7%,17.8%,66.5%,66.4%,66.5%,78.7%,78.7%,78.7%,18.3%,18.2%,18.3%,10.2%,10.2%,10.2%,32.5%,32.4%,32.5%,19.4%,19.4%,19.4%,27.1%,27%,27.1%,16.3%,16.2%,16.3%,12.8%,12.8%,12.8%,27.8%,27.8%,27.9%
3301,NH,01,NH-01,8.5%,8.5%,8.6%,71.9%,71.9%,72%,82%,81.9%,82%,15%,15%,15.1%,8%,7.9%,8%,42.6%,42.5%,42.7%,12.5%,12.5%,12.6%,22.1%,22%,22.1%,10%,9.9%,10%,11.8%,11.8%,11.9%,28.1%,28%,28.1%
3302,NH,02,NH-02,8.4%,8.4%,8.5%,71.4%,71.3%,71.5%,82.1%,82%,82.1%,14.6%,14.6%,14.7%,8.1%,8.1%,8.1%,43.4%,43.3%,43.5%,12.7%,12.6%,12.7%,21.8%,21.7%,21.9%,9.8%,9.7%,9.8%,11.6%,11.6%,11.6%,27.9%,27.8%,28%
3401,NJ,01,NJ-01,11.1%,11.1%,11.1%,75%,74.9%,75%,84.2%,84.2%,84.3%,16.5%,16.5%,16.6%,10.9%,10.8%,10.9%,44.5%,44.4%,44.5%,18.6%,18.6%,18.6%,28%,28%,28.1%,13.3%,13.3%,13.4%,12.8%,12.8%,12.8%,31.5%,31.5%,31.6%
3402,NJ,02,NJ-02,12.3%,12.3%,12.3%,76.2%,76.1%,76.2%,84.2%,84.1%,84.2%,16.9%,16.8%,16.9%,11.5%,11.5%,11.5%,41.7%,41.6%,41.7%,20.4%,20.3%,20.4%,30%,29.9%,30.1%,13.3%,13.3%,13.4%,13.1%,13%,13.1%,32.8%,32.7%,32.8%
3403,NJ,03,NJ-03,8.8%,8.8%,8.8%,75.2%,75.2%,75.3%,86.3%,86.3%,86.3%,13.2%,13.2%,13.2%,10.4%,10.3%,10.4%,44.3%,44.2%,44.4%,15.1%,15%,15.1%,26.5%,26.4%,26.5%,10.9%,10.9%,11%,11.6%,11.6%,11.6%,29.3%,29.3%,29.4%
3404,NJ,04,NJ-04,9.9%,9.9%,10%,75.2%,75.2%,75.3%,85.9%,85.9%,86%,14.1%,14%,14.1%,9.6%,9.6%,9.7%,43.6%,43.5%,43.6%,15.2%,15.2%,15.3%,25.6%,25.6%,25.7%,11.9%,11.9%,11.9%,11.8%,11.8%,11.8%,27.4%,27.4%,27.5%
3405,NJ,05,NJ-05,9.4%,9.4%,9.4%,74%,73.9%,74%,86.9%,86.8%,86.9%,12.4%,12.3%,12.4%,9.5%,9.4%,9.5%,43.9%,43.8%,44%,14.4%,14.4%,14.4%,24.7%,24.6%,24.7%,11.3%,11.3%,11.3%,10.5%,10.5%,10.5%,22.6%,22.6%,22.7%
3406,NJ,06,NJ-06,12.5%,12.5%,12.5%,73.5%,73.4%,73.5%,83.3%,83.3%,83.4%,13%,13%,13%,9.3%,9.2%,9.3%,39.8%,39.7%,39.9%,15.6%,15.6%,15.6%,26.3%,26.2%,26.3%,13.5%,13.4%,13.5%,12%,12%,12.1%,27.2%,27.2%,27.3%
3407,NJ,07,NJ-07,9%,8.9%,9%,74.1%,74.1%,74.2%,87.1%,87.1%,87.1%,12.3%,12.2%,12.3%,8.1%,8.1%,8.1%,43.5%,43.4%,43.6%,13.2%,13.2%,13.3%,22.7%,22.6%,22.7%,10.8%,10.7%,10.8%,10.7%,10.6%,10.7%,22.9%,22.9%,23%
3408,NJ,08,NJ-08,20.3%,20.3%,20.4%,72.6%,72.5%,72.6%,81.2%,81.2%,81.2%,15.6%,15.6%,15.7%,10.7%,10.7%,10.7%,36%,35.9%,36%,21.8%,21.7%,21.8%,32.2%,32.1%,32.2%,18.2%,18.2%,18.2%,13.4%,13.4%,13.4%,28.6%,28.6%,28.7%
3409,NJ,09,NJ-09,17.3%,17.3%,17.4%,73.5%,73.5%,73.6%,84.1%,84.1%,84.2%,14.2%,14.2%,14.3%,11.4%,11.4%,11.5%,39.3%,39.3%,39.4%,21.8%,21.7%,21.8%,30.3%,30.2%,30.4%,16.5%,16.4%,16.5%,12.6%,12.5%,12.6%,24.3%,24.2%,24.3%
3410,NJ,10,NJ-10,15.7%,15.7%,15.8%,77.7%,77.6%,77.7%,83.9%,83.9%,84%,16.5%,16.5%,16.6%,12.4%,12.4%,12.5%,35.8%,35.7%,35.8%,21.5%,21.4%,21.5%,33.1%,33%,33.1%,16.8%,16.7%,16.8%,13.7%,13.7%,13.7%,32.8%,32.8%,32.9%
3411,NJ,11,NJ-11,8.6%,8.6%,8.6%,74.7%,74.7%,74.8%,87.1%,87.1%,87.2%,11.7%,11.7%,11.8%,8.6%,8.6%,8.7%,44.4%,44.3%,44.4%,13.2%,13.2%,13.3%,23.1%,23%,23.2%,10.4%,10.4%,10.5%,10.1%,10.1%,10.1%,22.2%,22.2%,22.3%
3412,NJ,12,NJ-12,12%,12%,12%,75.3%,75.3%,75.4%,84.8%,84.7%,84.8%,13.1%,13%,13.1%,9.6%,9.5%,9.6%,42%,41.9%,42%,15.6%,15.5%,15.6%,25.9%,25.8%,25.9%,13%,13%,13%,11.6%,11.6%,11.6%,26.5%,26.4%,26.5%
3501,NM,01,NM-01,15%,14.9%,15%,60%,60%,60.1%,76.6%,76.5%,76.6%,16%,16%,16.1%,8.8%,8.8%,8.8%,39.8%,39.7%,39.9%,18.8%,18.8%,18.9%,20.7%,20.7%,20.8%,14.1%,14%,14.1%,14.2%,14.2%,14.3%,26.5%,26.4%,26.5%
3502,NM,02,NM-02,16.5%,16.4%,16.5%,62.1%,62%,62.2%,76.9%,76.9%,77%,17.9%,17.9%,17.9%,11.5%,11.5%,11.5%,36.7%,36.7%,36.8%,23.3%,23.2%,23.3%,26.8%,26.7%,26.8%,15%,15%,15.1%,14.4%,14.3%,14.4%,30.6%,30.5%,30.6%
3503,NM,03,NM-03,14%,14%,14.1%,61.3%,61.3%,61.4%,77.5%,77.4%,77.5%,18.2%,18.2%,18.3%,10.9%,10.8%,10.9%,38.5%,38.4%,38.6%,20.9%,20.9%,20.9%,23.5%,23.5%,23.6%,14.7%,14.6%,14.7%,14.4%,14.4%,14.5%,27.7%,27.7%,27.8%
3601,NY,01,NY-01,8.6%,8.6%,8.7%,71.5%,71.4%,71.5%,86%,86%,86.1%,13.1%,13.1%,13.2%,7.9%,7.9%,7.9%,39.2%,39.1%,39.3%,12.8%,12.8%,12.9%,23.7%,23.6%,23.7%,9.6%,9.6%,9.6%,11.3%,11.2%,11.3%,25.1%,25.1%,25.2%
3602,NY,02,NY-02,10.2%,10.2%,10.3%,71.9%,71.8%,71.9%,85.9%,85.9%,86%,13%,13%,13%,8.4%,8.3%,8.4%,39.3%,39.3%,39.4%,13.7%,13.7%,13.7%,24.2%,24.2%,24.3%,10.5%,10.4%,10.5%,11.2%,11.2%,11.2%,26.3%,26.3%,26.4%
3603,NY,03,NY-03,8.2%,8.2%,8.2%,74.3%,74.2%,74.3%,87.8%,87.8%,87.8%,11.4%,11.3%,11.4%,8.9%,8.9%,9%,44%,44%,44.1%,12.6%,12.5%,12.6%,23.2%,23.2%,23.2%,8.7%,8.7%,8.8%,9.9%,9.9%,9.9%,23.2%,23.1%,23.2%
3604,NY,04,NY-04,10.3%,10.2%,10.3%,73.8%,73.7%,73.8%,86.3%,86.2%,86.3%,12.2%,12.2%,12.3%,9.2%,9.2%,9.2%,42.4%,42.4%,42.5%,13.4%,13.4%,13.4%,23.3%,23.3%,23.4%,10.2%,10.2%,10.2%,10.6%,10.6%,10.6%,27.1%,27%,27.1%
3605,NY,05,NY-05,14.6%,14.6%,14.6%,77.3%,77.3%,77.4%,85.7%,85.7%,85.8%,14.3%,14.3%,14.4%,11.8%,11.8%,11.8%,36.6%,36.6%,36.7%,19.5%,19.5%,19.6%,30.7%,30.7%,30.8%,13.5%,13.5%,13.5%,12.2%,12.1%,12.2%,27.4%,27.4%,27.4%
3606,NY,06,NY-06,12.7%,12.6%,12.7%,74.4%,74.3%,74.4%,85.6%,85.5%,85.6%,11.8%,11.7%,11.8%,10.6%,10.6%,10.6%,41.6%,41.6%,41.6%,16.6%,16.6%,16.6%,29%,29%,29%,11.1%,11%,11.1%,10.2%,10.2%,10.2%,18.7%,18.7%,18.7%
3607,NY,07,NY-07,19%,19%,19.1%,70.5%,70.4%,70.5%,80.8%,80.7%,80.8%,14.3%,14.3%,14.3%,10.6%,10.6%,10.7%,36.8%,36.7%,36.9%,20.4%,20.4%,20.4%,28.9%,28.9%,29%,15.4%,15.4%,15.4%,13%,12.9%,13%,21.8%,21.8%,21.9%
3608,NY,08,NY-08,15.1%,15.1%,15.2%,76.6%,76.5%,76.6%,84.5%,84.5%,84.5%,15%,14.9%,15%,12%,12%,12%,36.4%,36.3%,36.4%,20%,20%,20%,29%,29%,29.1%,14.4%,14.4%,14.4%,13.1%,13%,13.1%,26.8%,26.7%,26.8%
3609,NY,09,NY-09,13.1%,13.1%,13.1%,76.3%,76.3%,76.3%,84.9%,84.9%,84.9%,14.4%,14.4%,14.4%,11.3%,11.3%,11.4%,37%,37%,37.1%,18%,17.9%,18%,27.1%,27%,27.1%,13.4%,13.4%,13.4%,12.5%,12.5%,12.5%,25.7%,25.6%,25.7%
3610,NY,10,NY-10,10.4%,10.4%,10.4%,71%,71%,71.1%,83.1%,83.1%,83.2%,12.2%,12.2%,12.2%,7.6%,7.5%,7.6%,42.6%,42.5%,42.6%,13.2%,13.2%,13.2%,20.1%,20.1%,20.2%,10.5%,10.5%,10.5%,11.5%,11.5%,11.6%,16.2%,16.2%,16.3%
3611,NY,11,NY-11,10.9%,10.9%,11%,73%,73%,73.1%,85%,85%,85%,14.7%,14.7%,14.8%,9.6%,9.5%,9.6%,40.6%,40.5%,40.6%,15.4%,15.4%,15.5%,24.3%,24.2%,24.3%,10.9%,10.9%,10.9%,11.5%,11.5%,11.5%,24.1%,24.1%,24.2%
3612,NY,12,NY-12,9.9%,9.9%,9.9%,70.6%,70.5%,70.6%,83.2%,83.2%,83.3%,11.7%,11.6%,11.7%,6.4%,6.4%,6.5%,43.2%,43.1%,43.3%,11.8%,11.8%,11.9%,18.4%,18.4%,18.4%,10.1%,10.1%,10.1%,11.2%,11.2%,11.2%,15.7%,15.6%,15.7%
3613,NY,13,NY-13,21.1%,21%,21.1%,73.9%,73.8%,73.9%,81.7%,81.7%,81.8%,15.8%,15.7%,15.8%,12%,12%,12.1%,37.5%,37.4%,37.5%,25%,25%,25.1%,29.6%,29.5%,29.6%,17.1%,17.1%,17.1%,14.9%,14.9%,15%,24.7%,24.7%,24.8%
3614,NY,14,NY-14,19%,18.9%,19%,73.6%,73.6%,73.7%,83.2%,83.1%,83.2%,13.6%,13.5%,13.6%,10.4%,10.3%,10.4%,38.8%,38.7%,38.8%,20.2%,20.2%,20.3%,31.6%,31.5%,31.6%,14.5%,14.4%,14.5%,11.9%,11.9%,12%,24.4%,24.4%,24.5%
3615,NY,15,NY-15,25.7%,25.6%,25.8%,77.4%,77.3%,77.5%,80.4%,80.3%,80.4%,18.8%,18.7%,18.8%,14.1%,14%,14.1%,35.1%,35.1%,35.2%,31%,30.9%,31.1%,41.1%,41%,41.2%,20.7%,20.7%,20.8%,16.4%,16.4%,16.4%,35.2%,35.1%,35.2%
3616,NY,16,NY-16,12.8%,12.8%,12.8%,77.1%,77%,77.1%,86.6%,86.5%,86.6%,12.8%,12.8%,12.9%,10.6%,10.5%,10.6%,41.7%,41.6%,41.8%,17.8%,17.7%,17.8%,26%,26%,26.1%,11.8%,11.8%,11.8%,11.7%,11.7%,11.8%,26.6%,26.5%,26.6%
3617,NY,17,NY-17,11.3%,11.3%,11.4%,72.5%,72.4%,72.5%,85.5%,85.5%,85.6%,12%,12%,12.1%,9.2%,9.2%,9.2%,42.4%,42.3%,42.5%,15.8%,15.7%,15.8%,23.1%,23.1%,23.2%,10.5%,10.4%,10.5%,11.3%,11.2%,11.3%,24.3%,24.2%,24.3%
3618,NY,18,NY-18,9.9%,9.9%,9.9%,72.4%,72.3%,72.5%,85.1%,85.1%,85.2%,15%,14.9%,15%,8.5%,8.4%,8.5%,39.9%,39.8%,40%,14.5%,14.5%,14.5%,22.2%,22.1%,22.2%,10.3%,10.3%,10.3%,11.6%,11.5%,11.6%,26.7%,26.6%,26.8%
3619,NY,19,NY-19,8.4%,8.4%,8.4%,73.3%,73.3%,73.4%,85%,85%,85%,15.8%,15.7%,15.8%,9.2%,9.2%,9.2%,40.1%,40%,40.2%,15.8%,15.7%,15.8%,23.2%,23.2%,23.3%,9.5%,9.5%,9.5%,11.9%,11.9%,11.9%,27.8%,27.8%,27.9%
3620,NY,20,NY-20,8.8%,8.7%,8.8%,73%,72.9%,73%,83.6%,83.5%,83.6%,15.4%,15.3%,15.4%,8.7%,8.6%,8.7%,42.1%,42%,42.2%,14.9%,14.9%,15%,23.2%,23.1%,23.2%,9.8%,9.8%,9.8%,12.3%,12.3%,12.4%,26.6%,26.5%,26.6%
3621,NY,21,NY-21,8.4%,8.4%,8.4%,72.3%,72.3%,72.4%,82.9%,82.9%,83%,16.9%,16.8%,16.9%,8.9%,8.9%,8.9%,41.4%,41.3%,41.5%,15.3%,15.3%,15.3%,25%,24.9%,25%,9.6%,9.6%,9.7%,12.5%,12.5%,12.5%,29%,28.9%,29%
3622,NY,22,NY-22,8.9%,8.8%,8.9%,72.2%,72.1%,72.2%,83.1%,83%,83.1%,17.2%,17.1%,17.2%,9.4%,9.3%,9.4%,42.2%,42.1%,42.3%,16.5%,16.4%,16.5%,25.2%,25.1%,25.3%,9.8%,9.8%,9.8%,12.8%,12.8%,12.9%,28.1%,28.1%,28.2%
3623,NY,23,NY-23,8.8%,8.8%,8.9%,71.6%,71.6%,71.7%,82.4%,82.3%,82.4%,16.6%,16.6%,16.7%,9.2%,9.2%,9.2%,41.4%,41.3%,41.4%,16.4%,16.4%,16.4%,25.5%,25.4%,25.6%,10%,10%,10%,13.1%,13.1%,13.1%,28.3%,28.3%,28.4%
3624,NY,24,NY-24,8.9%,8.9%,9%,71.9%,71.8%,71.9%,83.1%,83.1%,83.2%,17.2%,17.1%,17.2%,9.1%,9.1%,9.2%,43.6%,43.5%,43.6%,16%,15.9%,16%,24%,23.9%,24.1%,10.1%,10.1%,10.2%,13.1%,13.1%,13.2%,29%,29%,29.1%
3625,NY,25,NY-25,9.8%,9.8%,9.8%,69.3%,69.3%,69.4%,82.3%,82.3%,82.4%,16%,16%,16.1%,9.4%,9.4%,9.4%,50.9%,50.9%,51%,14.9%,14.9%,15%,23.2%,23.2%,23.3%,10.9%,10.9%,11%,12.9%,12.8%,12.9%,28.7%,28.6%,28.7%
3626,NY,26,NY-26,10.2%,10.2%,10.2%,75.4%,75.3%,75.5%,82.8%,82.8%,82.9%,19.1%,19%,19.1%,10.6%,10.6%,10.7%,41.8%,41.7%,41.8%,18.9%,18.8%,18.9%,28.6%,28.6%,28.7%,11.3%,11.3%,11.4%,13.6%,13.6%,13.6%,30%,29.9%,30%
3627,NY,27,NY-27,7.3%,7.3%,7.3%,73.6%,73.5%,73.6%,85.3%,85.3%,85.4%,15.6%,15.6%,15.7%,8.7%,8.7%,8.7%,44.2%,44.1%,44.3%,14%,14%,14.1%,23.7%,23.7%,23.8%,8.9%,8.8%,8.9%,11.5%,11.5%,11.6%,27.1%,27%,27.2%
3701,NC,01,NC-01,19.8%,19.8%,19.8%,75.5%,75.5%,75.6%,79.2%,79.1%,79.2%,18.8%,18.7%,18.8%,12.3%,12.3%,12.3%,42.2%,42.1%,42.3%,21.5%,21.5%,21.6%,29.2%,29.1%,29.3%,18%,18%,18%,14.1%,14.1%,14.2%,35.4%,35.4%,35.5%
3702,NC,02,NC-02,15%,15%,15%,74.1%,74%,74.1%,81.5%,81.5%,81.6%,15.8%,15.8%,15.9%,9.7%,9.7%,9.7%,47.8%,47.7%,47.9%,16%,16%,16.1%,22.7%,22.7%,22.8%,14.9%,14.9%,14.9%,12%,11.9%,12%,31.1%,31%,31.1%
3703,NC,03,NC-03,16%,16%,16.1%,74.6%,74.5%,74.7%,78.8%,78.7%,78.9%,17.6%,17.5%,17.6%,10.2%,10.1%,10.2%,45.8%,45.6%,45.9%,17.9%,17.8%,17.9%,25.4%,25.4%,25.5%,15.1%,15.1%,15.1%,13%,13%,13%,32%,31.9%,32.1%
3704,NC,04,NC-04,16.3%,16.3%,16.4%,72.9%,72.8%,72.9%,77.8%,77.8%,77.9%,13.9%,13.9%,14%,8.4%,8.3%,8.4%,48.4%,48.3%,48.5%,14.2%,14.2%,14.2%,20.2%,20.2%,20.3%,15.8%,15.8%,15.9%,12.3%,12.2%,12.3%,29%,28.9%,29.1%
3705,NC,05,NC-05,16.8%,16.8%,16.9%,72.7%,72.6%,72.7%,79.4%,79.3%,79.4%,18.7%,18.6%,18.7%,10.4%,10.4%,10.4%,45.8%,45.7%,45.9%,18.2%,18.1%,18.2%,26.3%,26.2%,26.4%,15.7%,15.7%,15.8%,13.4%,13.4%,13.5%,31.2%,31.1%,31.3%
3706,NC,06,NC-06,16.6%,16.6%,16.7%,74.2%,74.1%,74.2%,81%,80.9%,81%,17.5%,17.5%,17.6%,10.7%,10.6%,10.7%,44.8%,44.7%,44.9%,18.5%,18.5%,18.6%,25.8%,25.7%,25.8%,15.4%,15.4%,15.5%,12.8%,12.8%,12.9%,31.9%,31.8%,31.9%
3707,NC,07,NC-07,17.4%,17.3%,17.4%,74.5%,74.4%,74.5%,80%,80%,80.1%,18.2%,18.2%,18.3%,11.2%,11.1%,11.2%,43.6%,43.5%,43.7%,20%,19.9%,20%,27.3%,27.2%,27.4%,16%,16%,16%,13.5%,13.5%,13.6%,33%,32.9%,33%
3708,NC,08,NC-08,16.5%,16.4%,16.5%,73.8%,73.8%,73.9%,79.8%,79.8%,79.9%,17.3%,17.3%,17.4%,10%,9.9%,10%,45.6%,45.5%,45.6%,17.6%,17.5%,17.6%,25.6%,25.5%,25.6%,15.6%,15.6%,15.6%,13%,13%,13.1%,31.7%,31.6%,31.7%
3709,NC,09,NC-09,15.9%,15.9%,15.9%,74.7%,74.6%,74.7%,80.8%,80.8%,80.8%,17.7%,17.6%,17.7%,10.9%,10.9%,10.9%,44.3%,44.2%,44.4%,18.8%,18.8%,18.9%,26.1%,26%,26.1%,15.8%,15.8%,15.9%,13.2%,13.2%,13.2%,32.5%,32.4%,32.6%
3710,NC,10,NC-10,15%,15%,15.1%,73.8%,73.7%,73.8%,80.9%,80.9%,81%,17.6%,17.5%,17.6%,10.3%,10.3%,10.3%,45.8%,45.7%,45.9%,17.8%,17.8%,17.9%,25.6%,25.6%,25.7%,14.5%,14.5%,14.5%,12.9%,12.9%,12.9%,29.5%,29.4%,29.6%
3711,NC,11,NC-11,14.5%,14.5%,14.5%,74%,73.9%,74%,81.4%,81.3%,81.4%,17.3%,17.3%,17.4%,10.4%,10.4%,10.5%,47.4%,47.3%,47.5%,17.6%,17.6%,17.7%,25%,24.9%,25%,13.6%,13.6%,13.6%,12.5%,12.5%,12.6%,29.7%,29.6%,29.8%
3712,NC,12,NC-12,18.8%,18.7%,18.8%,74.4%,74.3%,74.4%,78.4%,78.3%,78.4%,15.6%,15.5%,15.6%,9.5%,9.5%,9.6%,39.6%,39.5%,39.6%,16.6%,16.5%,16.6%,24.4%,24.3%,24.4%,17.2%,17.2%,17.2%,13.3%,13.2%,13.3%,32.4%,32.3%,32.4%
3713,NC,13,NC-13,16.3%,16.3%,16.3%,73.9%,73.8%,73.9%,80.2%,80.1%,80.2%,17.2%,17.1%,17.2%,10.2%,10.2%,10.2%,43.6%,43.5%,43.7%,17.8%,17.7%,17.8%,24.6%,24.5%,24.6%,15.5%,15.5%,15.6%,12.9%,12.9%,13%,32.3%,32.3%,32.4%
3800,ND,00,ND-00,9.2%,9.2%,9.2%,61.6%,61.5%,61.7%,78.2%,78.2%,78.3%,17.5%,17.4%,17.5%,8.7%,8.6%,8.7%,41.7%,41.7%,41.8%,14.4%,14.4%,14.4%,26.7%,26.6%,26.7%,7.7%,7.7%,7.7%,10.2%,10.1%,10.2%,33%,32.9%,33.1%
3901,OH,01,OH-01,10.4%,10.4%,10.5%,73.6%,73.5%,73.6%,78.9%,78.8%,78.9%,19.7%,19.6%,19.7%,11.2%,11.2%,11.3%,40.8%,40.7%,40.9%,18.6%,18.6%,18.7%,27.1%,27%,27.2%,12.2%,12.2%,12.2%,14.2%,14.2%,14.3%,32.4%,32.4%,32.5%
3902,OH,02,OH-02,8.8%,8.8%,8.8%,73.1%,73%,73.1%,79.5%,79.5%,79.5%,19.7%,19.6%,19.7%,10.9%,10.9%,10.9%,41.4%,41.3%,41.5%,18.2%,18.1%,18.2%,28.5%,28.4%,28.5%,10.9%,10.8%,10.9%,13.6%,13.6%,13.6%,33%,33%,33.1%
3903,OH,03,OH-03,12.3%,12.3%,12.4%,72.3%,72.3%,72.4%,75.6%,75.5%,75.6%,23.2%,23.2%,23.3%,11%,11%,11%,41.6%,41.6%,41.7%,19.4%,19.4%,19.5%,28.7%,28.7%,28.8%,14.3%,14.3%,14.4%,16.2%,16.2%,16.3%,35.5%,35.4%,35.6%
3904,OH,04,OH-04,8.9%,8.9%,8.9%,72.9%,72.8%,72.9%,78.8%,78.8%,78.9%,19.7%,19.6%,19.7%,10.9%,10.9%,11%,39.9%,39.8%,40%,17.4%,17.3%,17.4%,29.9%,29.9%,30%,10.5%,10.5%,10.6%,13.1%,13%,13.1%,35.6%,35.6%,35.7%
3905,OH,05,OH-05,8.5%,8.5%,8.6%,73.3%,73.2%,73.4%,78.8%,78.7%,78.8%,18.2%,18.2%,18.3%,10.5%,10.4%,10.5%,42%,41.9%,42.1%,16.2%,16.2%,16.3%,28.2%,28.1%,28.2%,10.2%,10.2%,10.2%,12.8%,12.8%,12.8%,34.5%,34.4%,34.6%
3906,OH,06,OH-06,8.6%,8.6%,8.7%,74.2%,74.2%,74.3%,79.6%,79.5%,79.6%,20.3%,20.3%,20.4%,12.1%,12.1%,12.1%,40.9%,40.8%,41%,20.5%,20.4%,20.5%,32.3%,32.2%,32.4%,10.5%,10.5%,10.5%,13.7%,13.6%,13.7%,35.8%,35.7%,35.9%
3907,OH,07,OH-07,8.4%,8.4%,8.4%,73.3%,73.3%,73.4%,79.7%,79.7%,79.7%,19.2%,19.2%,19.3%,10.9%,10.9%,10.9%,40.3%,40.2%,40.3%,17.5%,17.4%,17.5%,29.7%,29.6%,29.7%,10.2%,10.2%,10.2%,12.8%,12.7%,12.8%,35.1%,35%,35.2%
3908,OH,08,OH-08,9%,9%,9.1%,72.9%,72.8%,72.9%,78.7%,78.6%,78.7%,19.8%,19.7%,19.8%,10.4%,10.4%,10.5%,41.4%,41.3%,41.5%,17.8%,17.8%,17.9%,28.4%,28.3%,28.5%,10.9%,10.9%,10.9%,13.4%,13.3%,13.4%,33.2%,33.1%,33.3%
3909,OH,09,OH-09,11.8%,11.8%,11.8%,73.5%,73.4%,73.5%,77.3%,77.3%,77.3%,22.2%,22.1%,22.2%,12.2%,12.1%,12.2%,40.4%,40.3%,40.4%,20.8%,20.7%,20.8%,30.7%,30.7%,30.8%,13.1%,13.1%,13.1%,14.9%,14.9%,14.9%,36.6%,36.6%,36.7%
3910,OH,10,OH-10,10%,9.9%,10%,73.9%,73.9%,74%,78.4%,78.3%,78.4%,20.5%,20.5%,20.6%,12%,12%,12%,41.8%,41.7%,41.8%,19.7%,19.7%,19.8%,31%,31%,31.1%,11.8%,11.7%,11.8%,14%,14%,14%,34.8%,34.7%,34.9%
3911,OH,11,OH-11,13.6%,13.5%,13.6%,77.2%,77.1%,77.2%,79%,78.9%,79%,24.2%,24.1%,24.2%,15.5%,15.4%,15.5%,40.1%,40%,40.1%,25.6%,25.5%,25.6%,33.4%,33.4%,33.5%,15.2%,15.2%,15.3%,16%,16%,16.1%,37.9%,37.9%,38%
3912,OH,12,OH-12,8.2%,8.2%,8.2%,72.2%,72.2%,72.3%,79.5%,79.5%,79.6%,18.5%,18.4%,18.5%,9.7%,9.7%,9.8%,42.7%,42.6%,42.7%,15.7%,15.7%,15.8%,26.2%,26.2%,26.3%,10.2%,10.1%,10.2%,12.7%,12.7%,12.8%,32.5%,32.4%,32.5%
3913,OH,13,OH-13,10.2%,10.2%,10.2%,73.8%,73.7%,73.9%,77.9%,77.9%,78%,21%,20.9%,21.1%,12.2%,12.2%,12.3%,40.5%,40.4%,40.5%,19.9%,19.9%,20%,32.7%,32.6%,32.7%,11.7%,11.7%,11.7%,14.5%,14.5%,14.6%,34.9%,34.8%,35%
3914,OH,14,OH-14,7.6%,7.6%,7.6%,74.3%,74.3%,74.4%,81.7%,81.7%,81.8%,17.5%,17.5%,17.6%,10.4%,10.4%,10.4%,44.8%,44.7%,44.9%,15.5%,15.5%,15.6%,26.8%,26.8%,26.9%,9.5%,9.5%,9.5%,11.9%,11.9%,11.9%,29.5%,29.5%,29.6%
3915,OH,15,OH-15,8.6%,8.6%,8.6%,71.9%,71.8%,71.9%,78.1%,78.1%,78.2%,19.1%,19.1%,19.2%,9.5%,9.5%,9.6%,42.7%,42.6%,42.8%,15.9%,15.9%,16%,27.3%,27.2%,27.4%,10.6%,10.6%,10.6%,13.4%,13.3%,13.4%,32.7%,32.6%,32.8%
3916,OH,16,OH-16,7.2%,7.2%,7.2%,73.5%,73.4%,73.5%,81.7%,81.7%,81.7%,16.5%,16.5%,16.5%,9.8%,9.8%,9.8%,45.8%,45.7%,45.9%,14.6%,14.5%,14.6%,25.2%,25.1%,25.2%,9.2%,9.1%,9.2%,11.6%,11.6%,11.6%,29.4%,29.4%,29.5%
4001,OK,01,OK-01,15.5%,15.5%,15.5%,67.9%,67.8%,67.9%,76.7%,76.7%,76.7%,18.1%,18.1%,18.2%,10.6%,10.6%,10.6%,44.5%,44.5%,44.6%,17.6%,17.6%,17.6%,30.4%,30.4%,30.5%,15%,15%,15%,14.7%,14.6%,14.7%,34.7%,34.6%,34.7%
4002,OK,02,OK-02,14.6%,14.6%,14.7%,68.9%,68.8%,68.9%,77.6%,77.6%,77.6%,21.5%,21.4%,21.5%,13.2%,13.2%,13.2%,44.7%,44.7%,44.8%,23.5%,23.5%,23.6%,34.5%,34.5%,34.6%,15.3%,15.3%,15.3%,15.5%,15.5%,15.6%,37.4%,37.3%,37.4%
4003,OK,03,OK-03,14.7%,14.7%,14.8%,67.1%,67%,67.2%,77%,76.9%,77%,18.2%,18.2%,18.3%,10.8%,10.8%,10.9%,44.3%,44.2%,44.4%,19.4%,19.3%,19.4%,31.6%,31.5%,31.6%,14.2%,14.2%,14.2%,14.2%,14.1%,14.2%,35.6%,35.5%,35.7%
4004,OK,04,OK-04,14.3%,14.2%,14.3%,67.7%,67.7%,67.8%,76.6%,76.5%,76.6%,17.9%,17.9%,18%,10%,10%,10%,45.6%,45.5%,45.7%,18.4%,18.3%,18.4%,29.1%,29%,29.1%,14.4%,14.4%,14.5%,14.2%,14.2%,14.2%,33.9%,33.8%,33.9%
4005,OK,05,OK-05,17.5%,17.5%,17.5%,67.2%,67.1%,67.2%,76%,76%,76%,18.4%,18.4%,18.5%,11.4%,11.4%,11.4%,45.9%,45.8%,45.9%,20.2%,20.2%,20.2%,30.6%,30.6%,30.6%,16.4%,16.4%,16.4%,15%,15%,15%,33.4%,33.4%,33.5%
4101,OR,01,OR-01,10.8%,10.8%,10.9%,61.5%,61.5%,61.6%,77%,77%,77.1%,13%,12.9%,13%,7.5%,7.5%,7.5%,37.6%,37.5%,37.6%,12.8%,12.8%,12.9%,18.9%,18.8%,18.9%,12.2%,12.2%,12.2%,12.2%,12.2%,12.3%,27.2%,27.2%,27.3%
4102,OR,02,OR-02,11.7%,11.6%,11.7%,63%,63%,63.1%,76.8%,76.8%,76.8%,16.7%,16.6%,16.7%,9.4%,9.4%,9.5%,34.9%,34.8%,35%,16.8%,16.8%,16.9%,21%,21%,21.1%,12.7%,12.6%,12.7%,13.8%,13.8%,13.8%,28.6%,28.5%,28.7%
4103,OR,03,OR-03,11.4%,11.3%,11.4%,58.6%,58.6%,58.7%,74%,73.9%,74%,16.4%,16.3%,16.4%,7.5%,7.5%,7.5%,37.3%,37.2%,37.3%,14.4%,14.4%,14.5%,17.8%,17.8%,17.9%,13.6%,13.6%,13.7%,14%,14%,14.1%,25.2%,25.2%,25.2%
4104,OR,04,OR-04,11.1%,11.1%,11.1%,61.9%,61.8%,61.9%,74.6%,74.6%,74.7%,16.2%,16.1%,16.2%,8.8%,8.8%,8.9%,36.3%,36.2%,36.3%,15.9%,15.9%,16%,20.3%,20.3%,20.4%,12.5%,12.4%,12.5%,14.6%,14.5%,14.6%,29%,28.9%,29.1%
4105,OR,05,OR-05,11.6%,11.6%,11.7%,62.4%,62.3%,62.5%,76.8%,76.8%,76.8%,14.8%,14.8%,14.8%,8.8%,8.8%,8.9%,37.1%,37%,37.2%,15.6%,15.5%,15.6%,20.3%,20.2%,20.3%,12.5%,12.4%,12.5%,13.2%,13.2%,13.2%,28.6%,28.5%,28.7%
4201,PA,01,PA-01,6.3%,6.3%,6.4%,69.5%,69.4%,69.6%,83.1%,83.1%,83.1%,14.9%,14.9%,14.9%,8.3%,8.3%,8.3%,46.1%,46%,46.2%,12.9%,12.9%,12.9%,18.5%,18.5%,18.6%,9%,9%,9%,10.8%,10.8%,10.8%,27.1%,27%,27.2%
4202,PA,02,PA-02,13.9%,13.9%,13.9%,72.3%,72.3%,72.4%,78.6%,78.5%,78.6%,21%,20.9%,21%,11.7%,11.7%,11.8%,44.7%,44.6%,44.7%,22.2%,22.1%,22.2%,26.5%,26.4%,26.5%,14.9%,14.9%,14.9%,15.5%,15.4%,15.5%,30.6%,30.5%,30.7%
4203,PA,03,PA-03,11.3%,11.3%,11.4%,75.1%,75%,75.1%,78.6%,78.5%,78.6%,21.4%,21.3%,21.4%,13.1%,13%,13.1%,42.8%,42.7%,42.9%,21.9%,21.9%,22%,26.5%,26.4%,26.5%,14.4%,14.4%,14.5%,15.6%,15.6%,15.7%,32.7%,32.6%,32.7%
4204,PA,04,PA-04,6.6%,6.6%,6.7%,71.9%,71.9%,72%,84.2%,84.1%,84.2%,13.9%,13.8%,13.9%,8.5%,8.4%,8.5%,49.4%,49.4%,49.5%,12.8%,12.8%,12.9%,19.1%,19.1%,19.2%,9.4%,9.4%,9.5%,11.3%,11.3%,11.3%,25.3%,25.2%,25.3%
4205,PA,05,PA-05,8%,8%,8%,72.6%,72.5%,72.7%,81.1%,81.1%,81.1%,16.1%,16.1%,16.2%,9.8%,9.7%,9.8%,49.5%,49.4%,49.6%,16.7%,16.7%,16.8%,22%,21.9%,22%,10.9%,10.9%,11%,12.5%,12.5%,12.5%,28.1%,28%,28.2%
4206,PA,06,PA-06,8.9%,8.9%,8.9%,71.3%,71.2%,71.4%,80.7%,80.6%,80.7%,16.4%,16.4%,16.5%,9.1%,9%,9.1%,45.7%,45.6%,45.7%,16.5%,16.4%,16.5%,21.4%,21.3%,21.4%,10.8%,10.8%,10.9%,12.4%,12.3%,12.4%,30.2%,30.1%,30.2%
4207,PA,07,PA-07,9.3%,9.2%,9.3%,72.4%,72.3%,72.5%,80.6%,80.6%,80.7%,18.2%,18.1%,18.2%,9.8%,9.8%,9.8%,44.1%,44%,44.1%,17.4%,17.4%,17.5%,22.5%,22.4%,22.5%,11.1%,11.1%,11.1%,12.8%,12.7%,12.8%,31.9%,31.8%,31.9%
4208,PA,08,PA-08,8%,8%,8.1%,72.3%,72.2%,72.3%,81.1%,81.1%,81.1%,19.6%,19.6%,19.7%,10.1%,10.1%,10.1%,40.9%,40.8%,40.9%,18%,18%,18.1%,24.7%,24.6%,24.8%,10.6%,10.6%,10.6%,13%,13%,13%,31.6%,31.5%,31.7%
4209,PA,09,PA-09,7.2%,7.1%,7.2%,72.4%,72.4%,72.5%,81.3%,81.2%,81.3%,17.6%,17.6%,17.7%,9.5%,9.5%,9.6%,43.9%,43.8%,44%,17.1%,17%,17.1%,23.5%,23.4%,23.6%,9.7%,9.7%,9.8%,12.5%,12.4%,12.5%,33%,32.9%,33.1%
4210,PA,10,PA-10,8%,8%,8%,72.8%,72.7%,72.8%,80.8%,80.8%,80.9%,18%,18%,18%,9.8%,9.7%,9.8%,45.1%,45%,45.2%,16.7%,16.7%,16.8%,22.3%,22.2%,22.3%,10.4%,10.4%,10.5%,12.8%,12.8%,12.9%,31.4%,31.3%,31.5%
4211,PA,11,PA-11,7.5%,7.5%,7.5%,71.4%,71.3%,71.4%,80%,80%,80.1%,15.6%,15.6%,15.6%,9.2%,9.1%,9.2%,44%,43.9%,44.1%,16.2%,16.2%,16.3%,21.7%,21.6%,21.8%,9.8%,9.8%,9.8%,12.4%,12.4%,12.4%,32.2%,32.1%,32.3%
4212,PA,12,PA-12,7.7%,7.7%,7.8%,71.5%,71.4%,71.6%,78.3%,78.2%,78.4%,19.4%,19.3%,19.5%,9.4%,9.3%,9.4%,42.2%,42.1%,42.3%,17.4%,17.3%,17.5%,24.2%,24.1%,24.3%,10.4%,10.3%,10.4%,13.7%,13.7%,13.8%,32.5%,32.4%,32.6%
4213,PA,13,PA-13,7.1%,7.1%,7.1%,72.8%,72.7%,72.8%,81.1%,81%,81.1%,18.8%,18.8%,18.9%,9.9%,9.9%,10%,44%,43.9%,44.1%,17.4%,17.4%,17.5%,24.5%,24.4%,24.6%,9.8%,9.8%,9.8%,12.9%,12.8%,12.9%,31.8%,31.7%,31.8%
4214,PA,14,PA-14,6.6%,6.6%,6.6%,75.2%,75.2%,75.3%,82.4%,82.4%,82.4%,19.1%,19.1%,19.2%,10%,10%,10.1%,43%,42.9%,43.1%,17.6%,17.6%,17.7%,24.7%,24.7%,24.8%,9.5%,9.5%,9.5%,12.6%,12.6%,12.7%,32.4%,32.3%,32.5%
4215,PA,15,PA-15,7.1%,7%,7.1%,72.6%,72.5%,72.7%,80.3%,80.3%,80.4%,19.1%,19%,19.1%,9.8%,9.8%,9.8%,44.3%,44.2%,44.4%,17.5%,17.5%,17.6%,24.3%,24.3%,24.4%,9.9%,9.9%,9.9%,13%,13%,13%,33.1%,33%,33.2%
4216,PA,16,PA-16,7.3%,7.3%,7.3%,73.2%,73.1%,73.3%,80.3%,80.3%,80.4%,19.9%,19.8%,19.9%,9.8%,9.8%,9.9%,42.9%,42.8%,43%,17.9%,17.9%,18%,24.4%,24.3%,24.4%,10.2%,10.2%,10.2%,13.4%,13.3%,13.4%,33.4%,33.3%,33.4%
4217,PA,17,PA-17,6.2%,6.2%,6.2%,73%,73%,73.1%,83.6%,83.6%,83.7%,16.8%,16.8%,16.9%,9%,8.9%,9%,49.2%,49.1%,49.3%,13.3%,13.3%,13.3%,20.5%,20.5%,20.6%,9.1%,9%,9.1%,11.1%,11%,11.1%,27.6%,27.5%,27.7%
4218,PA,18,PA-18,8.3%,8.3%,8.4%,72.4%,72.3%,72.5%,80.3%,80.3%,80.4%,19%,18.9%,19%,9.9%,9.9%,9.9%,47.5%,47.4%,47.5%,15.6%,15.6%,15.6%,22.8%,22.8%,22.9%,11.1%,11.1%,11.2%,12.9%,12.8%,12.9%,28.7%,28.6%,28.7%
4401,RI,01,RI-01,9.8%,9.7%,9.8%,80.8%,80.7%,80.9%,83.8%,83.7%,83.8%,14.7%,14.7%,14.8%,9.1%,9.1%,9.2%,45.2%,45.1%,45.3%,16.6%,16.5%,16.6%,25%,24.9%,25%,11.5%,11.5%,11.5%,13.7%,13.7%,13.7%,29.1%,29%,29.2%
4402,RI,02,RI-02,8.4%,8.3%,8.4%,80.5%,80.4%,80.6%,84.5%,84.5%,84.6%,14.4%,14.4%,14.5%,8.4%,8.4%,8.5%,46.7%,46.6%,46.8%,15.6%,15.5%,15.6%,24.6%,24.5%,24.7%,10.7%,10.7%,10.8%,13.6%,13.6%,13.7%,29%,28.9%,29.1%
4501,SC,01,SC-01,13.7%,13.7%,13.7%,67.1%,67.1%,67.2%,81.7%,81.7%,81.8%,15%,15%,15.1%,9.8%,9.8%,9.9%,43.5%,43.4%,43.6%,14.1%,14.1%,14.1%,21.8%,21.8%,21.9%,12.9%,12.9%,12.9%,12.3%,12.3%,12.3%,29.3%,29.2%,29.3%
4502,SC,02,SC-02,14.1%,14%,14.1%,69.1%,69.1%,69.2%,82.3%,82.3%,82.4%,16%,15.9%,16%,10.9%,10.9%,10.9%,42.5%,42.5%,42.6%,17%,17%,17%,25.4%,25.4%,25.5%,13.8%,13.8%,13.8%,13%,12.9%,13%,33.2%,33.1%,33.2%
4503,SC,03,SC-03,15.1%,15%,15.1%,68.3%,68.3%,68.4%,81%,81%,81.1%,18.2%,18.1%,18.2%,11.8%,11.8%,11.8%,41.6%,41.6%,41.7%,18.3%,18.3%,18.4%,28.1%,28%,28.1%,14%,14%,14%,13.9%,13.9%,13.9%,32.6%,32.5%,32.7%
4504,SC,04,SC-04,15.2%,15.2%,15.3%,67.1%,67.1%,67.2%,82.1%,82%,82.1%,16.3%,16.3%,16.4%,10.6%,10.6%,10.7%,40.9%,40.8%,40.9%,16.9%,16.9%,16.9%,25.6%,25.5%,25.6%,13.8%,13.8%,13.8%,13.1%,13%,13.1%,31.2%,31.1%,31.2%
4505,SC,05,SC-05,14.6%,14.5%,14.6%,69.7%,69.7%,69.8%,82.2%,82.2%,82.3%,17.8%,17.8%,17.9%,12.1%,12%,12.1%,41.9%,41.9%,42%,18.7%,18.6%,18.7%,27.1%,27%,27.1%,14.5%,14.4%,14.5%,13.6%,13.5%,13.6%,34.3%,34.3%,34.4%
4506,SC,06,SC-06,19.4%,19.3%,19.5%,71.5%,71.4%,71.5%,79.4%,79.3%,79.4%,20.2%,20.2%,20.3%,14.6%,14.5%,14.6%,36.5%,36.4%,36.5%,23.1%,23.1%,23.2%,31.6%,31.6%,31.7%,17.9%,17.8%,17.9%,15.8%,15.7%,15.8%,38.7%,38.6%,38.7%
4507,SC,07,SC-07,16.2%,16.2%,16.2%,69.7%,69.7%,69.8%,81.7%,81.7%,81.8%,19%,19%,19.1%,13.1%,13.1%,13.2%,37.9%,37.8%,37.9%,21.1%,21.1%,21.2%,29%,28.9%,29%,15.2%,15.2%,15.3%,14.4%,14.4%,14.5%,34.8%,34.8%,34.9%
4600,SD,00,SD-00,9.6%,9.5%,9.6%,67.1%,67.1%,67.2%,77.2%,77.2%,77.3%,16.5%,16.5%,16.6%,9.2%,9.2%,9.3%,48.3%,48.2%,48.3%,13.2%,13.1%,13.2%,22.5%,22.5%,22.6%,9%,8.9%,9%,9.9%,9.9%,10%,32%,31.9%,32.1%
4701,TN,01,TN-01,15.1%,15%,15.1%,72%,72%,72.1%,81.9%,81.9%,81.9%,22.9%,22.8%,22.9%,12.4%,12.3%,12.4%,38.4%,38.3%,38.4%,22.8%,22.8%,22.9%,31.6%,31.5%,31.7%,13.8%,13.8%,13.8%,14.8%,14.7%,14.8%,33.9%,33.8%,34%
4702,TN,02,TN-02,14.7%,14.6%,14.7%,70%,70%,70.1%,82%,81.9%,82%,21.1%,21%,21.1%,10.5%,10.5%,10.6%,40.1%,40%,40.1%,18.8%,18.8%,18.9%,26.7%,26.6%,26.8%,13.7%,13.6%,13.7%,14.1%,14%,14.1%,30%,30%,30.1%
4703,TN,03,TN-03,15.1%,15.1%,15.1%,72.6%,72.5%,72.6%,81.8%,81.7%,81.8%,21.5%,21.5%,21.6%,12.1%,12%,12.1%,36%,35.9%,36.1%,21.4%,21.4%,21.5%,28.4%,28.3%,28.4%,14%,14%,14%,14.2%,14.2%,14.3%,31.9%,31.8%,32%
4704,TN,04,TN-04,15.4%,15.3%,15.4%,70%,69.9%,70%,80.7%,80.7%,80.8%,21.5%,21.5%,21.6%,10.9%,10.9%,10.9%,36%,35.9%,36.1%,20.3%,20.3%,20.4%,29.1%,29%,29.2%,14.2%,14.1%,14.2%,14%,14%,14.1%,34.3%,34.2%,34.4%
4705,TN,05,TN-05,17.8%,17.8%,17.9%,71.7%,71.7%,71.8%,80%,80%,80.1%,18.9%,18.8%,18.9%,10.5%,10.5%,10.6%,37.3%,37.3%,37.4%,17%,16.9%,17%,26.1%,26.1%,26.2%,15.9%,15.9%,15.9%,14%,13.9%,14%,30.3%,30.2%,30.4%
4706,TN,06,TN-06,14.4%,14.3%,14.4%,70.9%,70.9%,71%,82.1%,82.1%,82.1%,21.2%,21.2%,21.3%,11.3%,11.2%,11.3%,38.6%,38.5%,38.7%,20.5%,20.4%,20.5%,29.2%,29.2%,29.3%,13.4%,13.4%,13.4%,13.8%,13.8%,13.8%,31.9%,31.8%,32%
4707,TN,07,TN-07,14.9%,14.8%,14.9%,71%,70.9%,71%,81.5%,81.4%,81.5%,21.6%,21.5%,21.6%,11%,10.9%,11%,38.3%,38.2%,38.4%,20.1%,20.1%,20.2%,29.1%,29%,29.2%,14%,13.9%,14%,14%,14%,14%,31.7%,31.6%,31.7%
4708,TN,08,TN-08,14.8%,14.8%,14.9%,71.5%,71.5%,71.6%,82.9%,82.9%,82.9%,20.7%,20.6%,20.7%,11.7%,11.7%,11.7%,38.7%,38.6%,38.8%,20.4%,20.3%,20.4%,29%,28.9%,29.1%,13.8%,13.8%,13.8%,13.5%,13.5%,13.5%,33.4%,33.3%,33.5%
4709,TN,09,TN-09,22.3%,22.2%,22.3%,72.4%,72.3%,72.4%,79.9%,79.8%,79.9%,23.1%,23.1%,23.2%,13.9%,13.9%,13.9%,34.2%,34.1%,34.3%,24.5%,24.4%,24.5%,32.1%,32.1%,32.2%,19.4%,19.3%,19.4%,15.8%,15.8%,15.9%,37.7%,37.6%,37.8%
4801,TX,01,TX-01,19.9%,19.8%,19.9%,68.6%,68.5%,68.6%,80.7%,80.7%,80.8%,16.8%,16.7%,16.8%,11.9%,11.9%,11.9%,37.3%,37.3%,37.4%,20.2%,20.1%,20.2%,31.1%,31%,31.2%,16.4%,16.3%,16.4%,13.2%,13.2%,13.2%,35.2%,35.1%,35.3%
4802,TX,02,TX-02,21.9%,21.9%,22%,67.3%,67.2%,67.3%,81.3%,81.3%,81.3%,12.8%,12.7%,12.8%,8.5%,8.5%,8.6%,38.8%,38.7%,38.8%,14.1%,14.1%,14.2%,22.1%,22.1%,22.2%,17%,17%,17%,10.9%,10.9%,10.9%,28.1%,28%,28.1%
4803,TX,03,TX-03,15.6%,15.6%,15.6%,65.7%,65.6%,65.8%,83%,83%,83.1%,12.4%,12.3%,12.4%,8.1%,8.1%,8.2%,39.7%,39.6%,39.8%,12.6%,12.5%,12.6%,23.6%,23.5%,23.6%,14%,14%,14.1%,10.4%,10.4%,10.4%,28.5%,28.4%,28.6%
4804,TX,04,TX-04,17.3%,17.2%,17.3%,68.4%,68.3%,68.4%,82%,81.9%,82%,16.1%,16.1%,16.1%,11.4%,11.4%,11.4%,38.5%,38.4%,38.5%,18.5%,18.4%,18.5%,30.7%,30.6%,30.8%,15%,15%,15%,12.5%,12.5%,12.5%,33.7%,33.6%,33.7%
4805,TX,05,TX-05,21.7%,21.7%,21.7%,67.2%,67.1%,67.2%,80.6%,80.6%,80.6%,16.2%,16.1%,16.2%,11%,11%,11%,37.4%,37.3%,37.5%,19%,19%,19.1%,30.1%,30%,30.1%,17.5%,17.4%,17.5%,13%,12.9%,13%,33.3%,33.2%,33.4%
4806,TX,06,TX-06,18.8%,18.7%,18.8%,68.1%,68%,68.1%,81.4%,81.3%,81.4%,14.4%,14.4%,14.5%,10%,9.9%,10%,41.9%,41.8%,41.9%,17.8%,17.8%,17.9%,27.1%,27%,27.1%,16.2%,16.2%,16.2%,12.1%,12.1%,12.1%,33.3%,33.2%,33.3%
4807,TX,07,TX-07,23%,23%,23.1%,67.7%,67.6%,67.7%,81%,80.9%,81%,13.2%,13.2%,13.2%,8.8%,8.7%,8.8%,38.6%,38.5%,38.6%,14.9%,14.9%,15%,23%,23%,23.1%,17.7%,17.6%,17.7%,11.2%,11.2%,11.2%,28.3%,28.3%,28.4%
4808,TX,08,TX-08,18.3%,18.3%,18.4%,66.2%,66.1%,66.3%,81.3%,81.2%,81.3%,15.8%,15.7%,15.8%,10%,9.9%,10%,37.5%,37.4%,37.6%,16.5%,16.5%,16.6%,27.9%,27.9%,28%,15.6%,15.6%,15.6%,12%,11.9%,12%,33.1%,33%,33.2%
4809,TX,09,TX-09,29.6%,29.6%,29.6%,69.8%,69.7%,69.8%,79%,78.9%,79%,16.1%,16.1%,16.2%,12.3%,12.2%,12.3%,33.1%,33%,33.1%,21.4%,21.4%,21.4%,30%,30%,30.1%,22.3%,22.3%,22.3%,13.2%,13.2%,13.2%,34.4%,34.3%,34.5%
4810,TX,10,TX-10,19.5%,19.5%,19.6%,66.6%,66.5%,66.6%,81.4%,81.3%,81.4%,13.2%,13.2%,13.3%,8.9%,8.9%,8.9%,39.5%,39.4%,39.5%,15%,15%,15%,23.2%,23.1%,23.2%,15.8%,15.8%,15.8%,11.3%,11.2%,11.3%,28.3%,28.2%,28.3%
4811,TX,11,TX-11,21.3%,21.3%,21.4%,66.8%,66.7%,66.9%,81.2%,81.2%,81.3%,14.4%,14.3%,14.4%,11.2%,11.2%,11.3%,39.2%,39.1%,39.3%,18.8%,18.8%,18.9%,30.2%,30.1%,30.2%,15.9%,15.8%,15.9%,11.9%,11.9%,12%,33.4%,33.3%,33.5%
4812,TX,12,TX-12,18.1%,18%,18.1%,66.6%,66.6%,66.7%,81.2%,81.2%,81.2%,14.3%,14.2%,14.3%,9.5%,9.5%,9.5%,43.4%,43.3%,43.5%,17.5%,17.4%,17.5%,26.5%,26.5%,26.6%,15.5%,15.4%,15.5%,12%,12%,12%,31.1%,31.1%,31.2%
4813,TX,13,TX-13,20.2%,20.2%,20.3%,67.5%,67.4%,67.6%,80.6%,80.5%,80.6%,16%,15.9%,16%,11.1%,11.1%,11.2%,37.4%,37.3%,37.5%,19.7%,19.6%,19.7%,31%,30.9%,31%,16%,16%,16%,12.6%,12.6%,12.7%,34.4%,34.3%,34.5%
4814,TX,14,TX-14,21.1%,21%,21.1%,67.5%,67.4%,67.6%,81.2%,81.2%,81.2%,17.5%,17.5%,17.6%,11.8%,11.7%,11.8%,37.5%,37.4%,37.6%,21%,21%,21.1%,33.1%,33.1%,33.2%,16.9%,16.9%,17%,12.9%,12.8%,12.9%,35.4%,35.3%,35.5%
4815,TX,15,TX-15,39.5%,39.4%,39.6%,64.8%,64.7%,64.9%,78%,78%,78.1%,15.2%,15.1%,15.2%,15.1%,15.1%,15.2%,34.3%,34.2%,34.4%,27.4%,27.4%,27.5%,35%,34.9%,35.1%,24.9%,24.8%,24.9%,14.6%,14.5%,14.6%,41.8%,41.7%,41.9%
4816,TX,16,TX-16,35.1%,35%,35.1%,65.3%,65.2%,65.3%,80.2%,80.1%,80.2%,14.2%,14.1%,14.2%,14.6%,14.5%,14.6%,36.8%,36.7%,36.9%,26.3%,26.3%,26.4%,28.7%,28.7%,28.8%,23%,22.9%,23%,13.4%,13.4%,13.5%,34.6%,34.6%,34.7%
4817,TX,17,TX-17,21.3%,21.3%,21.4%,67.2%,67.1%,67.3%,76.8%,76.7%,76.9%,15.3%,15.3%,15.4%,9.6%,9.5%,9.6%,37.8%,37.7%,37.9%,17.5%,17.5%,17.6%,27%,26.9%,27.1%,17.2%,17.2%,17.3%,13.7%,13.6%,13.7%,30.5%,30.5%,30.6%
4818,TX,18,TX-18,30.4%,30.4%,30.5%,69.5%,69.5%,69.6%,78.7%,78.6%,78.7%,16.8%,16.8%,16.9%,12.4%,12.4%,12.4%,33%,33%,33.1%,21.8%,21.8%,21.9%,29.4%,29.4%,29.5%,22.8%,22.7%,22.8%,13.7%,13.6%,13.7%,35.9%,35.9%,36%
4819,TX,19,TX-19,23.5%,23.5%,23.6%,65.8%,65.7%,65.9%,78.3%,78.2%,78.3%,15.6%,15.6%,15.7%,11.1%,11.1%,11.1%,36.7%,36.6%,36.8%,20.5%,20.5%,20.6%,31.3%,31.2%,31.4%,17.5%,17.5%,17.5%,13.3%,13.3%,13.4%,33.4%,33.3%,33.5%
4820,TX,20,TX-20,31.7%,31.6%,31.7%,62.4%,62.3%,62.5%,76.8%,76.7%,76.9%,15.6%,15.6%,15.7%,12.4%,12.4%,12.5%,37.3%,37.2%,37.4%,24%,24%,24.1%,32.4%,32.3%,32.4%,21.4%,21.4%,21.5%,13.8%,13.8%,13.8%,33.2%,33.1%,33.3%
4821,TX,21,TX-21,18.9%,18.9%,19%,65.1%,65.1%,65.2%,80.3%,80.2%,80.3%,13.4%,13.4%,13.4%,9.3%,9.3%,9.3%,41.5%,41.4%,41.5%,15.5%,15.5%,15.6%,24.5%,24.4%,24.5%,15%,15%,15%,11.8%,11.8%,11.8%,28.3%,28.3%,28.4%
4822,TX,22,TX-22,18.4%,18.4%,18.5%,67.9%,67.8%,67.9%,82.4%,82.4%,82.5%,12.5%,12.4%,12.5%,9.4%,9.4%,9.4%,37.3%,37.2%,37.4%,15.1%,15.1%,15.2%,26.4%,26.3%,26.5%,15.2%,15.1%,15.2%,10.4%,10.4%,10.5%,28.2%,28.1%,28.3%
4823,TX,23,TX-23,32%,31.9%,32%,64.8%,64.8%,64.9%,79.5%,79.4%,79.5%,15.3%,15.2%,15.3%,13.8%,13.7%,13.8%,36.9%,36.8%,37%,25.3%,25.3%,25.4%,33.3%,33.2%,33.4%,21.2%,21.2%,21.3%,13.2%,13.2%,13.2%,35.3%,35.2%,35.4%
4824,TX,24,TX-24,18.3%,18.3%,18.3%,66.5%,66.4%,66.5%,81.6%,81.6%,81.7%,13.2%,13.2%,13.2%,8.6%,8.6%,8.6%,41.1%,41%,41.2%,14.8%,14.8%,14.9%,25%,25%,25.1%,15.8%,15.7%,15.8%,11.3%,11.3%,11.3%,28.4%,28.4%,28.5%
4825,TX,25,TX-25,17.3%,17.2%,17.3%,66.1%,66%,66.2%,80.5%,80.5%,80.6%,14.2%,14.2%,14.3%,9.1%,9%,9.1%,40.3%,40.2%,40.4%,15.5%,15.4%,15.5%,24.6%,24.5%,24.7%,14.9%,14.9%,15%,12%,12%,12%,30.2%,30.1%,30.3%
4826,TX,26,TX-26,16.1%,16.1%,16.2%,65.8%,65.7%,65.8%,81%,80.9%,81%,13.9%,13.9%,14%,7.7%,7.6%,7.7%,39.3%,39.2%,39.4%,14.1%,14.1%,14.2%,25.2%,25.1%,25.2%,14.7%,14.6%,14.7%,11.7%,11.7%,11.7%,29.2%,29.1%,29.2%
4827,TX,27,TX-27,26.2%,26.1%,26.2%,68.1%,68%,68.1%,80.4%,80.4%,80.4%,15.2%,15.2%,15.3%,13.3%,13.2%,13.3%,35.2%,35.1%,35.2%,23%,22.9%,23%,33.3%,33.3%,33.4%,18.4%,18.4%,18.5%,12.6%,12.6%,12.6%,35%,34.9%,35.1%
4828,TX,28,TX-28,36.7%,36.6%,36.7%,65%,64.9%,65%,77.9%,77.8%,77.9%,16.6%,16.6%,16.7%,14.6%,14.6%,14.7%,34.3%,34.3%,34.4%,28.1%,28%,28.1%,36.9%,36.8%,37%,23.9%,23.8%,23.9%,14.4%,14.4%,14.5%,39.6%,39.5%,39.7%
4829,TX,29,TX-29,40.6%,40.5%,40.7%,65.3%,65.3%,65.4%,75.9%,75.8%,76%,16.6%,16.5%,16.6%,12.6%,12.6%,12.6%,32.6%,32.5%,32.7%,25.8%,25.8%,25.9%,32.4%,32.3%,32.4%,26.5%,26.4%,26.5%,14.4%,14.4%,14.4%,35.8%,35.7%,35.8%
4830,TX,30,TX-30,27.2%,27.1%,27.2%,69.3%,69.3%,69.4%,79.7%,79.6%,79.7%,17.5%,17.4%,17.5%,13.1%,13%,13.1%,33.7%,33.6%,33.7%,22.3%,22.3%,22.4%,33%,33%,33.1%,22%,22%,22.1%,14.4%,14.4%,14.4%,36.6%,36.5%,36.7%
4831,TX,31,TX-31,18.4%,18.3%,18.4%,66.9%,66.8%,66.9%,80%,80%,80.1%,14.4%,14.4%,14.4%,9.3%,9.3%,9.4%,39.4%,39.3%,39.5%,16.8%,16.8%,16.9%,25.1%,25.1%,25.2%,15.9%,15.9%,16%,12.1%,12.1%,12.1%,31.2%,31.1%,31.3%
4832,TX,32,TX-32,19.7%,19.7%,19.8%,66.5%,66.5%,66.6%,81.3%,81.2%,81.3%,13.6%,13.5%,13.6%,9.2%,9.2%,9.2%,39.3%,39.3%,39.4%,14.9%,14.9%,15%,25.7%,25.7%,25.8%,16.5%,16.4%,16.5%,11.7%,11.7%,11.8%,28.3%,28.2%,28.4%
4833,TX,33,TX-33,36.2%,36.1%,36.2%,64.9%,64.9%,65%,76.1%,76%,76.1%,17.9%,17.8%,17.9%,13.2%,13.1%,13.2%,34.9%,34.9%,35%,28%,28%,28.1%,36.3%,36.2%,36.3%,25.2%,25.2%,25.3%,15.3%,15.3%,15.3%,37.6%,37.5%,37.6%
4834,TX,34,TX-34,39%,38.9%,39.1%,66.1%,66%,66.2%,78.3%,78.3%,78.4%,14.7%,14.6%,14.7%,16.6%,16.5%,16.6%,36.1%,36%,36.2%,29.9%,29.9%,30%,36.5%,36.4%,36.5%,24.8%,24.8%,24.9%,14.3%,14.3%,14.3%,40%,39.9%,40.1%
4835,TX,35,TX-35,31.7%,31.6%,31.8%,62.7%,62.6%,62.7%,75.7%,75.6%,75.7%,16.5%,16.4%,16.5%,11.9%,11.9%,11.9%,35.8%,35.7%,35.9%,23.8%,23.7%,23.8%,31%,30.9%,31.1%,22.1%,22.1%,22.2%,14.4%,14.4%,14.4%,33.6%,33.5%,33.7%
4836,TX,36,TX-36,19.8%,19.7%,19.8%,67.6%,67.5%,67.6%,81.5%,81.5%,81.6%,15%,15%,15%,10.4%,10.4%,10.4%,38.4%,38.3%,38.4%,17.1%,17.1%,17.2%,27.3%,27.3%,27.4%,16.1%,16.1%,16.1%,12.1%,12%,12.1%,32.7%,32.6%,32.8%
4901,UT,01,UT-01,14.2%,14.1%,14.2%,60.7%,60.7%,60.8%,71.3%,71.3%,71.4%,10.3%,10.3%,10.3%,7%,7%,7%,37.6%,37.5%,37.7%,13%,12.9%,13%,19.8%,19.7%,19.8%,13.6%,13.6%,13.6%,12.5%,12.5%,12.5%,27.2%,27.2%,27.3%
4902,UT,02,UT-02,15.7%,15.6%,15.7%,61%,60.9%,61%,71.1%,71.1%,71.2%,10.2%,10.2%,10.3%,7.7%,7.7%,7.7%,35.7%,35.6%,35.7%,13.8%,13.8%,13.9%,22.3%,22.2%,22.3%,14.2%,14.1%,14.2%,12.3%,12.2%,12.3%,26.8%,26.7%,26.8%
4903,UT,03,UT-03,14.1%,14%,14.1%,57.8%,57.7%,57.8%,68.3%,68.2%,68.4%,7.8%,7.8%,7.9%,6.2%,6.2%,6.2%,36.8%,36.7%,36.9%,12.2%,12.2%,12.2%,20%,19.9%,20%,13.4%,13.4%,13.5%,12%,12%,12.1%,24.7%,24.6%,24.7%
4904,UT,04,UT-04,14.9%,14.9%,14.9%,59.4%,59.3%,59.4%,71.2%,71.1%,71.2%,9.4%,9.4%,9.5%,6.4%,6.4%,6.4%,38%,38%,38.1%,12.6%,12.5%,12.6%,20.5%,20.5%,20.5%,14.3%,14.2%,14.3%,11.4%,11.4%,11.4%,25.1%,25.1%,25.2%
5000,VT,00,VT-00,8%,8%,8%,67.6%,67.6%,67.7%,78.9%,78.9%,79%,14.6%,14.6%,14.7%,7.6%,7.6%,7.6%,41.1%,41.1%,41.2%,12.6%,12.6%,12.7%,19.2%,19.2%,19.3%,9.3%,9.3%,9.4%,12.2%,12.1%,12.2%,26.3%,26.2%,26.3%
5101,VA,01,VA-01,11.1%,11.1%,11.1%,72.6%,72.5%,72.6%,82.7%,82.7%,82.7%,15.1%,15.1%,15.2%,9.3%,9.2%,9.3%,45%,44.9%,45.1%,14.2%,14.1%,14.2%,22.4%,22.4%,22.5%,11.9%,11.9%,11.9%,10.9%,10.9%,10.9%,30.4%,30.3%,30.4%
5102,VA,02,VA-02,12%,11.9%,12%,72.4%,72.4%,72.5%,80.6%,80.6%,80.6%,15.7%,15.7%,15.7%,9.2%,9.2%,9.2%,45.1%,45%,45.2%,13.3%,13.2%,13.3%,22.9%,22.9%,23%,12.8%,12.8%,12.8%,11.4%,11.4%,11.4%,28.6%,28.5%,28.7%
5103,VA,03,VA-03,14.8%,14.7%,14.8%,74.7%,74.6%,74.8%,79%,79%,79.1%,18.8%,18.7%,18.9%,11.7%,11.7%,11.7%,43%,42.9%,43.1%,18.4%,18.4%,18.5%,27.5%,27.4%,27.6%,15.2%,15.1%,15.2%,13.2%,13.1%,13.2%,35.4%,35.4%,35.5%
5104,VA,04,VA-04,13.9%,13.9%,14%,74.1%,74.1%,74.2%,80.6%,80.5%,80.6%,18.1%,18.1%,18.1%,11.7%,11.7%,11.8%,41.3%,41.2%,41.3%,18%,18%,18.1%,26.4%,26.4%,26.5%,14.9%,14.8%,14.9%,13%,12.9%,13%,34.7%,34.6%,34.8%
5105,VA,05,VA-05,12%,12%,12%,73.5%,73.4%,73.6%,81.8%,81.7%,81.8%,17.6%,17.6%,17.7%,11.6%,11.6%,11.6%,45%,45%,45.1%,17.9%,17.9%,18%,26.6%,26.6%,26.7%,12.7%,12.6%,12.7%,12.2%,12.2%,12.3%,33.3%,33.3%,33.4%
5106,VA,06,VA-06,11.8%,11.7%,11.8%,72.2%,72.1%,72.3%,80.3%,80.3%,80.4%,17.1%,17%,17.1%,10.2%,10.2%,10.2%,44.8%,44.7%,44.9%,16.8%,16.8%,16.9%,26.5%,26.4%,26.6%,12.4%,12.4%,12.4%,12.5%,12.5%,12.6%,31.9%,31.8%,32%
5107,VA,07,VA-07,11%,10.9%,11%,73.2%,73.2%,73.3%,82.8%,82.8%,82.8%,15.7%,15.7%,15.8%,9.5%,9.5%,9.6%,43.5%,43.4%,43.6%,14.1%,14%,14.1%,23.4%,23.4%,23.5%,12.1%,12.1%,12.1%,10.9%,10.9%,11%,31.7%,31.7%,31.8%
5108,VA,08,VA-08,13.4%,13.3%,13.4%,67.9%,67.8%,68%,80.4%,80.4%,80.4%,12.2%,12.2%,12.3%,7.6%,7.6%,7.6%,46.8%,46.7%,46.8%,11.8%,11.7%,11.8%,18.4%,18.3%,18.4%,13%,13%,13%,10.5%,10.5%,10.5%,23.2%,23.1%,23.2%
5109,VA,09,VA-09,11.8%,11.7%,11.8%,71.5%,71.4%,71.6%,79.7%,79.6%,79.8%,18.8%,18.8%,18.9%,10.7%,10.7%,10.7%,43.7%,43.6%,43.8%,18.3%,18.2%,18.3%,27%,26.9%,27.1%,12.6%,12.5%,12.6%,13.1%,13.1%,13.2%,31.2%,31.1%,31.3%
5110,VA,10,VA-10,10.9%,10.9%,10.9%,70.2%,70.1%,70.2%,83.1%,83%,83.1%,12.1%,12.1%,12.2%,7.9%,7.9%,7.9%,46.1%,46%,46.2%,11.7%,11.6%,11.7%,19.8%,19.7%,19.8%,11.5%,11.4%,11.5%,9.9%,9.9%,10%,24.4%,24.3%,24.4%
5111,VA,11,VA-11,12.3%,12.3%,12.3%,69%,69%,69.1%,81.7%,81.7%,81.8%,10.9%,10.9%,11%,7.6%,7.5%,7.6%,47.8%,47.8%,47.9%,11.2%,11.2%,11.2%,18.3%,18.3%,18.4%,12.1%,12.1%,12.1%,9.8%,9.7%,9.8%,22.3%,22.3%,22.4%
5301,WA,01,WA-01,8.2%,8.2%,8.2%,62.7%,62.7%,62.8%,81.2%,81.1%,81.2%,11.4%,11.4%,11.4%,7.1%,7.1%,7.1%,45.7%,45.7%,45.8%,11.9%,11.9%,11.9%,14.7%,14.6%,14.7%,10%,10%,10%,11%,10.9%,11%,25.1%,25.1%,25.2%
5302,WA,02,WA-02,9.7%,9.7%,9.7%,62.8%,62.7%,62.8%,78.9%,78.9%,79%,13.8%,13.8%,13.9%,8.2%,8.2%,8.2%,42.3%,42.2%,42.3%,14.8%,14.7%,14.8%,17.9%,17.8%,17.9%,10.9%,10.8%,10.9%,12%,12%,12.1%,28.5%,28.4%,28.5%
5303,WA,03,WA-03,9%,9%,9%,62.4%,62.3%,62.4%,78.5%,78.5%,78.6%,15.5%,15.5%,15.6%,9.3%,9.3%,9.4%,41.5%,41.4%,41.5%,16%,15.9%,16%,18.8%,18.8%,18.9%,10.8%,10.7%,10.8%,12.5%,12.5%,12.5%,33.2%,33.1%,33.2%
5304,WA,04,WA-04,15.9%,15.8%,15.9%,62.1%,62.1%,62.2%,76.5%,76.4%,76.5%,14.8%,14.7%,14.8%,9.9%,9.9%,10%,42.2%,42.1%,42.3%,20.1%,20.1%,20.2%,24.1%,24%,24.2%,14.1%,14%,14.1%,13.6%,13.6%,13.7%,34%,33.9%,34.1%
5305,WA,05,WA-05,9.4%,9.4%,9.5%,62.8%,62.7%,62.9%,77.9%,77.8%,77.9%,15.1%,15.1%,15.2%,8.3%,8.3%,8.4%,40.9%,40.8%,40.9%,14.7%,14.6%,14.7%,19.3%,19.2%,19.4%,11%,11%,11.1%,13.8%,13.8%,13.9%,28%,27.9%,28.1%
5306,WA,06,WA-06,8.7%,8.7%,8.7%,65.7%,65.6%,65.7%,80.1%,80.1%,80.2%,14.5%,14.4%,14.5%,9.2%,9.2%,9.2%,44.2%,44.1%,44.2%,15.9%,15.9%,16%,19.3%,19.3%,19.4%,10.4%,10.4%,10.4%,12.6%,12.6%,12.6%,29.2%,29.2%,29.3%
5307,WA,07,WA-07,8.8%,8.8%,8.9%,62%,62%,62.1%,78.8%,78.8%,78.9%,9.7%,9.7%,9.7%,6.3%,6.3%,6.3%,48%,47.9%,48%,11%,11%,11%,13.6%,13.5%,13.6%,10.6%,10.5%,10.6%,11.6%,11.5%,11.6%,20.9%,20.9%,20.9%
5308,WA,08,WA-08,8.6%,8.6%,8.6%,63.1%,63%,63.1%,80.2%,80.2%,80.3%,11.4%,11.3%,11.4%,7.2%,7.2%,7.2%,46.9%,46.9%,47%,12.5%,12.4%,12.5%,15.3%,15.3%,15.4%,10.4%,10.4%,10.4%,11.8%,11.8%,11.8%,24.2%,24.1%,24.2%
5309,WA,09,WA-09,10.3%,10.3%,10.3%,64.1%,64.1%,64.1%,80%,79.9%,80%,9.6%,9.6%,9.6%,7.8%,7.8%,7.8%,47.9%,47.9%,48%,12.6%,12.6%,12.6%,15%,15%,15%,11.4%,11.4%,11.4%,11.3%,11.3%,11.3%,21.2%,21.1%,21.2%
5310,WA,10,WA-10,9.3%,9.3%,9.3%,63.4%,63.3%,63.4%,78.3%,78.3%,78.3%,14.9%,14.9%,14.9%,9.1%,9.1%,9.1%,43.2%,43.2%,43.3%,15.5%,15.5%,15.5%,19.4%,19.4%,19.5%,11.2%,11.2%,11.3%,12.9%,12.9%,13%,28.9%,28.9%,29%
5401,WV,01,WV-01,10.1%,10.1%,10.2%,75.8%,75.7%,75.9%,80.3%,80.2%,80.3%,22.8%,22.8%,22.9%,12.5%,12.4%,12.5%,45.4%,45.3%,45.5%,22.4%,22.3%,22.4%,29.8%,29.7%,29.9%,13.9%,13.9%,13.9%,15.8%,15.8%,15.8%,36.3%,36.2%,36.4%
5402,WV,02,WV-02,9.6%,9.6%,9.7%,77.2%,77.2%,77.3%,82.5%,82.4%,82.5%,22.2%,22.1%,22.2%,13.1%,13.1%,13.2%,46.5%,46.5%,46.6%,23.1%,23.1%,23.2%,29.3%,29.3%,29.4%,13.7%,13.7%,13.7%,15.4%,15.3%,15.4%,37.7%,37.6%,37.8%
5403,WV,03,WV-03,10.6%,10.6%,10.6%,77%,77%,77.1%,80.8%,80.8%,80.8%,25.3%,25.3%,25.4%,14.1%,14%,14.1%,45.3%,45.2%,45.3%,27.2%,27.1%,27.2%,33.2%,33.1%,33.3%,14.7%,14.7%,14.8%,17.1%,17.1%,17.1%,38.5%,38.4%,38.5%
5501,WI,01,WI-01,9.1%,9%,9.1%,70.7%,70.7%,70.8%,82.3%,82.3%,82.4%,15.8%,15.7%,15.8%,7.7%,7.7%,7.7%,35.8%,35.8%,35.9%,13.9%,13.9%,14%,20.2%,20.1%,20.3%,11.3%,11.3%,11.4%,10.9%,10.9%,11%,31.7%,31.7%,31.8%
5502,WI,02,WI-02,9.1%,9.1%,9.1%,66.2%,66.2%,66.3%,80%,80%,80.1%,14.6%,14.5%,14.6%,7%,6.9%,7%,39.8%,39.7%,39.9%,12.7%,12.6%,12.7%,18.2%,18.2%,18.3%,11.5%,11.4%,11.5%,11.4%,11.3%,11.4%,27.8%,27.8%,27.9%
5503,WI,03,WI-03,8.5%,8.5%,8.6%,69.7%,69.6%,69.8%,79.5%,79.4%,79.5%,16.7%,16.6%,16.8%,7.6%,7.6%,7.7%,37.4%,37.2%,37.5%,13.6%,13.6%,13.7%,20.6%,20.5%,20.7%,11%,10.9%,11%,11.6%,11.6%,11.7%,29.6%,29.4%,29.7%
5504,WI,04,WI-04,14.5%,14.4%,14.5%,72.9%,72.9%,73%,78.3%,78.2%,78.4%,20%,20%,20.1%,9.2%,9.2%,9.2%,34.2%,34.2%,34.3%,20.8%,20.7%,20.8%,26.9%,26.9%,27%,16.2%,16.1%,16.2%,15.2%,15.1%,15.2%,32.5%,32.5%,32.6%
5505,WI,05,WI-05,7.6%,7.6%,7.6%,71.3%,71.2%,71.3%,83.1%,83.1%,83.2%,14%,14%,14%,7.2%,7.2%,7.2%,39.4%,39.3%,39.5%,11.9%,11.8%,11.9%,19.5%,19.4%,19.6%,10.1%,10%,10.1%,10.4%,10.4%,10.4%,28.5%,28.4%,28.6%
5506,WI,06,WI-06,8.1%,8%,8.1%,71%,70.9%,71.1%,82%,81.9%,82%,15.8%,15.7%,15.8%,7.8%,7.8%,7.8%,36.1%,36%,36.1%,13.3%,13.2%,13.3%,20.7%,20.6%,20.7%,10.4%,10.4%,10.4%,10.8%,10.8%,10.8%,31.9%,31.9%,32%
5507,WI,07,WI-07,7.8%,7.8%,7.8%,71.1%,71.1%,71.2%,82.5%,82.5%,82.6%,16.6%,16.6%,16.6%,8.5%,8.5%,8.5%,35.9%,35.8%,35.9%,13.9%,13.9%,13.9%,21.7%,21.6%,21.7%,10.4%,10.4%,10.4%,10.8%,10.7%,10.8%,31.6%,31.5%,31.6%
5508,WI,08,WI-08,8.2%,8.2%,8.2%,71.2%,71.1%,71.3%,82.1%,82.1%,82.2%,15.6%,15.5%,15.6%,7.9%,7.9%,8%,37.5%,37.4%,37.6%,13.3%,13.3%,13.4%,20.2%,20.1%,20.2%,10.7%,10.7%,10.8%,10.9%,10.9%,10.9%,32.1%,32%,32.1%
5600,WY,00,WY-00,14.7%,14.7%,14.8%,61.4%,61.4%,61.5%,75.5%,75.4%,75.5%,17.2%,17.1%,17.2%,8.2%,8.2%,8.2%,36.7%,36.6%,36.8%,14.2%,14.1%,14.2%,24.9%,24.9%,25%,13.9%,13.8%,13.9%,11.3%,11.3%,11.3%,28.9%,28.8%,29%